Name;PLZ;Ort ;Straße;geschlossen/nicht vorhanden;Homepage;Typ;Bundesland;ADMA;Hogast;Privatkunde;potentieller Kunde;Bädertechnik;Service;Chemie;Telefon;Ansprechpartner;Berechnung;lat;lon
MA 10 - BA -30 im Wege der MA 34-B;1000;Wien;Postfach 588;;;Sonstiges (Schulen, öffentl. Einrichtungen, …);Wien;Ernst Schügerl;;;;;ja;ja;;;1;48.2083537;16.3725042
MA 39 - BA 5;1000;Wien;Postfach 588;;;Sonstiges (Schulen, öffentl. Einrichtungen, …);Wien;Ernst Schügerl;;;;;ja;ja;;;1;48.198674;16.348388
MA 44 - BA 30;1000;Wien;Wolfganggasse 58-60;;;Sonstiges (Schulen, öffentl. Einrichtungen, …);Wien;Ernst Schügerl;;;;;ja;ja;;;1;48.1784717;16.3453988
MA 44 - BA 4;1000;Wien;Postfach 588;;;Sonstiges (Schulen, öffentl. Einrichtungen, …);Wien;Ernst Schügerl;;;;;ja;ja;;;1;48.198674;16.348388
MA 54 - BA 1;1000;Wien;Postfach 588;;;Sonstiges (Schulen, öffentl. Einrichtungen, …);Wien;Ernst Schügerl;;;;;ja;ja;;;1;48.198674;16.348388
MA 56 - BA 4;1000;Wien;Postfach 588;;;Sonstiges (Schulen, öffentl. Einrichtungen, …);Wien;Ernst Schügerl;;;;;ja;ja;;;1;48.198674;16.348388
MA 56 - BA 4 im Wege der MA 34-B;1000;Wien;Postfach 588;;;Sonstiges (Schulen, öffentl. Einrichtungen, …);Wien;Ernst Schügerl;;;;;ja;ja;;;1;48.2083537;16.3725042
Almanac Palais Vienna Anlieferung: Hegelgasse 1;1010;Wien;Parkring 14-16;;;Hotelanlage;Wien;Ernst Schügerl;ja;;;;ja;ja;;;1;48.2044966;16.3772093
Gemeinnützige WohnungsAGWohnpark Alt-Erlaa;1010;Wien;Eßlinggasse 8-10;;;Sonstiges (Schulen, öffentl. Einrichtungen, …);Wien;Ernst Schügerl;;;;;ja;ja;;;1;48.215617215834726;16.36965324868349
GESIBA-Gemeinn.Siedlungs-u.Bauaktienges./Abt. Hausverw.;1010;Wien;Eßlinggasse 8-10;;;Sonstiges (Schulen, öffentl. Einrichtungen, …);Wien;Gerald Jagschitz;;;;;ja;ja;;;1;48.215617215834726;16.36965324868349
Holmes Place Wipplingerstr.;1010;Wien;Wipplingerstr. 30;;;Sonstiges (Schulen, öffentl. Einrichtungen, …);Wien;Ernst Schügerl;;;;;ja;ja;;Hr. Pöschl 0676/844644565;1;48.2134817;16.3675703
John Harris Fitness Schillerplatz;1010;Wien;Nibelungengasse 5;;;Sonstiges (Schulen, öffentl. Einrichtungen, …);Wien;Ernst Schügerl;;;;;ja;ja;;Hr. Simon 01 / 587371050;1;48.201953;16.3642152
Parkring 14-16 Immobilienverwertung GmbHAlmanac Palais Vienna;1010;Wien;Parkring 14-16;;;Sonstiges (Schulen, öffentl. Einrichtungen, …);Wien;Ernst Schügerl;;;;;ja;ja;;;1;48.2044966;16.3772093
PCC Hotelerrichtungs- und Betriebs GmbH&Co KG;1010;Wien;Parkring 12a;;;Hotelanlage;Wien;Ernst Schügerl;ja;;;;ja;ja;;;1;48.2053698;16.3766363
Residenz Adele Eins GmbH & Co KGp.A. ImmoW16 GmbH;1010;Wien;Wollzeile 16;;;Sonstiges (Schulen, öffentl. Einrichtungen, …);Wien;Ernst Schügerl;;;;;ja;ja;;;1;48.2083571;16.3759887
SEE.HAUS Weiden GmbH;1010;Wien;Triftstraße 12;;;Hotelanlage;Wien;Gerald Jagschitz;;;;;ja;ja;;;1;48.198674;16.348388
Stadt Wien - Wiener Wohnen vertreten durch GESIBA AG;1010;Wien;Eßlinggasse 8-10;;;Sonstiges (Schulen, öffentl. Einrichtungen, …);Wien;Gerald Jagschitz;;;;;ja;ja;;;1;48.215617215834726;16.36965324868349
The Amauris GmbHThe Amauris Vienna;1010;Wien;Kärtner Ring 8;;;Hotelanlage;Wien;Ernst Schügerl;;;;;ja;ja;;;1;48.201745;16.371037
WEG 23., Breitenfurterstrasse 239p.A. BUWOG - Bauen und Wohnen GmbH;1010;Wien;Rathausstraße 1;;;Sonstiges (Schulen, öffentl. Einrichtungen, …);Wien;Ernst Schügerl;;;;;ja;ja;;;1;48.208879499999995;16.35544816728278
WIENER STADTERNEUERUNGS-GESELLSCHAFT, Gemeinn. Wohnbau-Planungs-u.Betreuungsges.m.b.H.;1010;Wien;Eßlinggasse 8-10;;;Sonstiges (Schulen, öffentl. Einrichtungen, …);Wien;Ernst Schügerl;;;;;ja;ja;;;1;48.215617215834726;16.36965324868349
Badeschiff Wien;1020;Wien;Wolfgang-Schmitz-Promenade;;http://www.badeschiff.at/;Freibad;Wien;Ernst Schügerl;;;;;ja;ja;;;1;48.211667762;16.380509092
Blindeninstitut;1020;Wien;Wittelsbachstr.5;;;Sonstiges (Schulen, öffentl. Einrichtungen, …);Wien;Ernst Schügerl;;;;;ja;ja;;Hr. Kadisch 0699 11322830;1;48.206773150000004;16.399411809955765
BundesBlindenerziehungsinstitut;1020;Wien;Wittelsbachstrasse 5;;;Sonstiges (Schulen, öffentl. Einrichtungen, …);Wien;Ernst Schügerl;;;;;ja;ja;;;1;48.206773150000004;16.399411809955765
Bundesimmobiliengesellschaft m.b.H;1020;Wien;Trabrennstraße 2b und 2c;;;Sonstiges (Schulen, öffentl. Einrichtungen, …);Wien;Ernst Schügerl;;;;;ja;ja;;;1;48.2122027;16.4119927
Familienbad MA44 Augarten;1020;Wien;Augarten, Eingang Karl-Meißl-Straße;;http://www.wien.gv.at/freizeit/baeder/uebersicht/familienbaeder.html;Freibad;Wien;Ernst Schügerl;;;;;ja;ja;;Hr. Stangl Hannes 0676/ 811844281;1;48.2283736;16.3737318
Julian BraveDots PS GmbH;1020;Wien;Waldsteingartenstraße 135;;;Sonstiges (Schulen, öffentl. Einrichtungen, …);Wien;Ernst Schügerl;;;;;ja;ja;;;1;48.21326155;16.40491362322434
KIBB Immobilien GmbHWEG Am Tabor 23;1020;Wien;Florianigasse 24/3;;;Sonstiges (Schulen, öffentl. Einrichtungen, …);Wien;Ernst Schügerl;;;;;ja;ja;;;1;48.2119147;16.3503592
ÖKO-Haus;1020;Wien;Engerthstraße 257;;;Sonstiges (Schulen, öffentl. Einrichtungen, …);Wien;Ernst Schügerl;;;;;ja;ja;;Hr. Kartus 0676 4463851;1;48.2133912;16.4191993
OptimaMed RehabilitationszentrumWiesing GmbH;1020;Wien;Lassallestraße 7a/Unit 4/Top8;;;Sonstiges (Schulen, öffentl. Einrichtungen, …);Wien;Petra Freilinger ;;;;;ja;ja;;;1;48.2220942;16.3973094
Wiener Sportstätten Betriebsgesellschaft m.b.H.Wiener Praterstadion -Ernst Happel Stadion Sektor B;1020;Wien;Meiereistraße 7;;;Sonstiges (Schulen, öffentl. Einrichtungen, …);Wien;Ernst Schügerl;;;;;ja;ja;;;1;48.20718935;16.420917065669776
Apostelbad MA44;1030;Wien;Apostelgasse 18;;http://www.wien.gv.at/freizeit/baeder/uebersicht/saunabaeder/apostelbad.html;Hallenbad;Wien;Ernst Schügerl;;;;;ja;ja;;Hr. Stangl Hannes 0676/ 811844281;1;48.1989005;16.3966354
EG Hofjägerstrasse 2zHd. Arwag Immobilientreuhand GmbH;1030;Wien;Würtzlerstraße 15;;;Sonstiges (Schulen, öffentl. Einrichtungen, …);Wien;Ernst Schügerl;;;;;ja;ja;;;1;48.1938803;16.4080453
EigentümergemeinschaftBraunhubergasseZH Arwag Immobilientreuhand;1030;Wien;Würtzlerstraße 15;;;Sonstiges (Schulen, öffentl. Einrichtungen, …);Wien;Ernst Schügerl;;;;;ja;ja;;;1;48.1938803;16.4080453
Familienbad Schweizergarten MA44;1030;Wien;Schweizergarten, Eingang Kleistgasse;;http://www.wien.gv.at/freizeit/baeder/uebersicht/familienbaeder.html;Freibad;Wien;Ernst Schügerl;;;;;ja;ja;;Hr. Stangl Hannes 0676/ 811844281;1;48.193212;16.39045
HTBLA,BHAK u. BHAS Wien IIIHaustechnik;1030;Wien;.;;;Sonstiges (Schulen, öffentl. Einrichtungen, …);Wien;Ernst Schügerl;;;;;ja;ja;;;1;48.2083537;16.3725042
Imperial Riding School;1030;Wien;Ungargasse 60;;;Sonstiges (Schulen, öffentl. Einrichtungen, …);Wien;Ernst Schügerl;;;;;ja;ja;;Hr. Pessenlehner 0650/4683113;1;48.197219;16.3860179
Schulzentrum HTL HAK Ungargasse;1030;Wien;Ungargasse 69;;;Sonstiges (Schulen, öffentl. Einrichtungen, …);Wien;Ernst Schügerl;;;;;ja;ja;;Hr. Entholzer 0676/ 4741507;1;48.19588385;16.3869509125
Strabag Property and Facility Services GmbHDir. MQ/BB;1030;Wien;Dietrichgasse 25 / E-Büro/ 6. OG;;;Sonstiges (Schulen, öffentl. Einrichtungen, …);Wien;Ernst Schügerl;;;;;ja;ja;;;1;48.2001394;16.4023823
Wilhelm Beetz BauunternehmungGesellschaft m.b.H.;1030;Wien;Pfarrhogasse 1a;;;Sonstiges (Schulen, öffentl. Einrichtungen, …);Wien;Gerald Jagschitz;;;;;ja;ja;;;1;48.1954478;16.325771514743323
9/81100HT Romulus & Allegro Tosca Wien Objekt GmbH & Co KGp.A. IMV Immobilien Management GmbH;1040;Wien;Paulanergasse 15;;;Sonstiges (Schulen, öffentl. Einrichtungen, …);Wien;Ernst Schügerl;;;;;ja;ja;;;1;48.1961598;16.3652949
Gymnasium Stiftung Theresianische Akademie;1040;Wien;Favoritenstr. 15;;;Sonstiges (Schulen, öffentl. Einrichtungen, …);Wien;Ernst Schügerl;;;;;ja;ja;;Hr. Wilding 0676 897 055 104;1;48.19435825;16.370701372409147
Familienbad Einsiedlerplatz undSaunabad Einsiedlerbad MA44;1050;Wien;Einsiedlerplatz 18;;http://www.wien.gv.at/freizeit/baeder/uebersicht/saunabaeder/einsiedlerbad.html;Hallenbad;Wien;Ernst Schügerl;;;;;ja;ja;;Hr. Stangl Hannes 0676/ 811844281;1;48.18572935;16.349547454024673
John Harris Margartenbad;1050;Wien;Strobachgasse 7-9;;;Sonstiges (Schulen, öffentl. Einrichtungen, …);Wien;Ernst Schügerl;;;;;ja;ja;;Herr Wagner 01 544121233;1;48.1926303;16.3583919
Ingenieure Hans & Franz HUBER Bauges.m.b.H.;1060;Wien;Mariahilfer Straße 1c/Top X;;;Sonstiges (Schulen, öffentl. Einrichtungen, …);Wien;Ernst Schügerl;;;;;ja;ja;;;1;48.2022337;16.3613579
Time Out City;1060;Wien;Windmühlgasse 6;;;Hotelanlage;Wien;Ernst Schügerl;;;;;ja;ja;;Fr. Kleveta;1;48.2003175;16.3578844
Time Out City HotelDoris Kleveta;1060;Wien;Windmühlgasse 6;;;Hotelanlage;Wien;Ernst Schügerl;;;;;ja;ja;;;1;48.2003175;16.3578844
WEG Wien 19., Glanzinggasse 35-39z.Hd. Gebäudeverwaltung Schmaus;1060;Wien;Chwallagasse 4/11;;;Sonstiges (Schulen, öffentl. Einrichtungen, …);Wien;Ernst Schügerl;;;;;ja;ja;;;1;48.197775626051275;16.35104256424986
EG-2391 Kaltenleutg.Doktorbergz.Hd.Ludwig HALLAS Immobilien-verwaltung GmbH;1070;Wien;Gaudenzdorfer Gürtel 47;;;Sonstiges (Schulen, öffentl. Einrichtungen, …);Wien;Ernst Schügerl;;;;;ja;ja;;;1;48.1868435;16.3427603
FAMILIE gemeinnützige Wohn- und Siedlungs-genossenschaft Gen.m.b.H.;1070;Wien;Lindengasse 55;;;Sonstiges (Schulen, öffentl. Einrichtungen, …);Wien;Ernst Schügerl;;;;;ja;ja;;;1;48.19922435;16.3464339928264
Hermannbad MA44;1070;Wien;Hermanngasse 28;;http://www.wien.gv.at/freizeit/baeder/uebersicht/saunabaeder/hermannbad.html;Hallenbad;Wien;Ernst Schügerl;;;;;ja;ja;;Hr. Stangl Hannes 0676/ 811844281;1;48.2029406;16.3472889
URBANBAUGemeinn.Bau-,Wohnungs- undStadterneuerungsges.m.b.H.;1070;Wien;Lindengasse 55;;;Sonstiges (Schulen, öffentl. Einrichtungen, …);Wien;Ernst Schügerl;;;;;ja;ja;;;1;48.19922435;16.3464339928264
Wohnbau GemeinnützigeWohn- und Siedlungsgenossenschaft Reg Gen.m.b.H.;1070;Wien;Lindengasse 55;;;Sonstiges (Schulen, öffentl. Einrichtungen, …);Wien;Ernst Schügerl;;;;;ja;ja;;;1;48.19922435;16.3464339928264
Arch. Dil.-Ing. Dr. Harry Glück ;1080;Wien;Lange Gasse 8;;;Sonstiges (Schulen, öffentl. Einrichtungen, …);Wien;Ernst Schügerl;;;;;ja;ja;;Hr. Gundacker 01/ 4061660;1;48.20723925;16.35304938176941
EG Schlosspark Seebensteinp.A. Michael Scheichrein Immobilienverwaltungsges.m.b.H.;1080;Wien;Lange Gasse 20-22;;;Sonstiges (Schulen, öffentl. Einrichtungen, …);Wien;Ernst Schügerl;;;;;ja;ja;;;1;48.2085842;16.35258
MA39 Prüflabor;1080;Wien;Feldgasse 9;Geschlossen;;Sonstiges (Schulen, öffentl. Einrichtungen, …);Wien;Ernst Schügerl;;;;;ja;ja;;;1;48.2136244;16.345240109398905
Amerikanische BotschaftFinancial Managment Center;1090;Wien;Weidlichgasse 5;;;Sonstiges (Schulen, öffentl. Einrichtungen, …);Wien;Ernst Schügerl;;;;;ja;ja;;;1;48.179374;16.298123
Amalienbad MA44;1100;Wien;Reumannplatz 23;;http://www.wien.gv.at/freizeit/baeder/uebersicht/hallenbaeder/amalienbad.html;Hallenbad;Wien;Ernst Schügerl;;;;;ja;ja;;Hr. Ing. Nemec Kurt 0676 811844562 ;1;48.1742792;16.378839363331146
AUVA Allgemeine UnfallversicherunganstaltVienna Twin Towers - Turm A.30;1100;Wien;Wienerbergstraße 11;;;Sonstiges (Schulen, öffentl. Einrichtungen, …);Wien;Martin Schwab;;;;;ja;ja;;;1;48.1685218;16.3468394
Familienbad Gudrunstraße MA44;1100;Wien;Gudrunstraße 31, Ecke Absberggasse;;http://www.wien.gv.at/freizeit/baeder/uebersicht/familienbaeder.html;Freibad;Wien;Ernst Schügerl;;;;;ja;ja;;Hr. Stangl Hannes 0676/ 811844281;1;48.175949;16.389722
HT Romulus & Allegro Tosca Wien Objekt GmbH & Co KGp.A. Klein & Co Immobilienmanagement GmbH;1100;Wien;Paulanergasse 15;;;Sonstiges (Schulen, öffentl. Einrichtungen, …);Wien;Ernst Schügerl;;;;;ja;ja;;;1;48.1961598;16.3652949
Laaerbergbad MA44;1100;Wien;Ludwig-von-Höhnel-Gasse 2;;http://www.wien.gv.at/freizeit/baeder/uebersicht/sommerbaeder/laaerbergbad.html;Freibad;Wien;Ernst Schügerl;;;;;ja;ja;;Hr. Stangl Hannes 0676/ 811844281;1;48.1593605;16.38478
Quellensauna;1100;Wien;Hintere Liesingbachstraße 2-4;;;Freibad;Wien;Ernst Schügerl;;;;;ja;ja;;Fr. Daschill 0664/8920997;1;48.1367033;16.39642388837123
SEM Energie- und Gebäudemanagement GmbH;1100;Wien;Triester Straße 89-91;;;Sonstiges (Schulen, öffentl. Einrichtungen, …);Wien;Ernst Schügerl;;;;;ja;ja;;;1;48.1666955;16.3482101
Wienerbergcity Freibad;1100;Wien;Herta Firnbergstraße 14;;;Sonstiges (Schulen, öffentl. Einrichtungen, …);Wien;Ernst Schügerl;;;;;ja;ja;;Hr. Szmolka 0664 / 6395216;1;48.198674;16.348388
Wohnwert Immobilien GmbH & Co KGp.A. Klein & Co Immobilienmanagement GmbH;1100;Wien;Bloch-Bauer-Promenade 12/1A;;;Sonstiges (Schulen, öffentl. Einrichtungen, …);Wien;Ernst Schügerl;;;;;ja;ja;;;1;48.18000931300722;16.38547861279761
Braunhubergasse Freibad;1110;Wien;Braunhubergasse 26/2/3 ;geschlossen;;Freibad;Wien;Ernst Schügerl;;;;;ja;ja;;Hr. Hönel 0699/ 10296859;1;48.16956765028911;16.413604838865236
Kombibad Simmering MA44;1110;Wien;Florian-Hedorfer-Straße 5;;http://www.wien.gv.at/freizeit/baeder/uebersicht/kombibaeder/simmering.html;Frei- & Hallenbad;Wien;Ernst Schügerl;;;;;ja;ja;;Hr. DI Rauch Lutz 0676/811844472;1;48.16383235;16.428624322180916
Simmering MA44;1110;Wien;Florian-Hedorfer-Straße 5;;;Sonstiges (Schulen, öffentl. Einrichtungen, …);Wien;Ernst Schügerl;;;;;ja;ja;;;1;48.16383235;16.428624322180916
EG-2391 Kaltenleutg.Doktorbergp.A. RES Immobilienverwaltung GmbH;1120;Wien;Gaudenzdorfer Gürtel 47;;;Sonstiges (Schulen, öffentl. Einrichtungen, …);Wien;Ernst Schügerl;;;;;ja;ja;;;1;48.1868435;16.3427603
Kuratorium FORTUNAzur Errichtung von Senioren-Wohnanlagen;1120;Wien;Kheslplatz 6;;;Sonstiges (Schulen, öffentl. Einrichtungen, …);Wien;Ernst Schügerl;;;;;ja;ja;;;1;48.2063045;16.367830377057928
MA44 Theresienbad;1120;Wien;Hufelandgasse 3;;;Frei- & Hallenbad;Wien;Ernst Schügerl;;;;;ja;ja;;Hr. Ing. Nemec Kurt 0676 811844562 ;1;48.1818453;16.328048
Schlosspark Fortuna;1120;Wien;Khleslplatz 6;;;Sonstiges (Schulen, öffentl. Einrichtungen, …);Wien;Ernst Schügerl;;;;;ja;ja;;Kroiss 01/8120080 1268;1;48.1625182;16.3218263
Hietzinger Bad MA 44;1130;Wien;Atzgersdorfer Straße 14;;http://www.wien.gv.at/freizeit/baeder/uebersicht/kombibaeder/hietzing.html;Frei- & Hallenbad;Wien;Ernst Schügerl;;;;;ja;ja;;Hr. DI Rauch Lutz 0676/811844472;1;48.168794;16.293721021257223
MA 10  Girzenberg;1130;Wien;Angermayergasse 9;;;Freibad;Wien;Ernst Schügerl;;;;;ja;ja;;;1;48.1837927;16.268772906932377
Maygasse WHA;1130;Wien;Maygasse 40-46;;;Sonstiges (Schulen, öffentl. Einrichtungen, …);Wien;Ernst Schügerl;;;;;ja;ja;;;1;48.1646201;16.2815897
Ober St Veiter Tennisclub;1130;Wien;Jennerplatz 25;;;Sonstiges (Schulen, öffentl. Einrichtungen, …);Wien;Ernst Schügerl;;;;;ja;ja;;;1;48.175560700000005;16.258614460233346
Ober St. Veiter Tennisclub;1130;Wien;Jennerplatz 25;;;Sonstiges (Schulen, öffentl. Einrichtungen, …);Wien;Ernst Schügerl;;;;;ja;ja;;;1;48.175560700000005;16.258614460233346
Orthop. Spital Speising;1130;Wien;Riedelgasse 54;;;Hallenbad;Wien;Ernst Schügerl;;;;;ja;ja;;Hr. Müllner 01/80182500;1;48.162731;16.283553
Auer-Welsbach-Bad;1140;Wien;Schloßallee 2;;;Hallenbad;Wien;Ernst Schügerl;;;;;ja;ja;;Tel. 01 894301;1;48.18962865;16.31554044494372
Cumberlandstrasse;1140;Wien;Cumberlandstrasse 53;;;Freibad;Wien;Ernst Schügerl;;;;;ja;ja;;;1;48.1915412;16.303221254123713
Familienbad Reinlgasse;1140;Wien;Familienbad Reinlgasse 21 Ecke, Märzstraße;;http://www.wien.gv.at/freizeit/baeder/uebersicht/familienbaeder.html;Freibad;Wien;Ernst Schügerl;;;;;ja;ja;;;1;48.196339949999995;16.311522120833335
Hadikgasse;1140;Wien;Hadikgasse 128-134;geschlossen;;Freibad;Wien;Ernst Schügerl;;;;;ja;ja;;Fr. Stehle 0699 19532566;1;48.1902742;16.2947628
Holmes Place Hütteldorferstr.;1140;Wien;Hütteldorferstr. 130a;;;Hotelanlage;Wien;Ernst Schügerl;;;;;ja;ja;;;1;48.1978573;16.2997293
Hütteldorfer Bad MA44;1140;Wien;Linzer Straße 376;;http://www.wien.gv.at/freizeit/baeder/uebersicht/hallenbaeder/huetteldorf.html;Hallenbad;Wien;Ernst Schügerl;;;;;ja;ja;;Hr. DI Jellinek Bernhard 0676/81144572;1;48.2012675;16.2641021
MA 44 Reinlgasse ;1140;Wien;Reinlgasse 21 Ecke, Märzstraße;;;Freibad;Wien;Ernst Schügerl;;;;;ja;ja;;Hr. Stangl Hannes 0676/ 811844281;1;48.1968646;16.3119395
Penzinger Bad MA44;1140;Wien;Hütteldorfer Straße 136;;http://www.wien.gv.at/freizeit/baeder/uebersicht/saunabaeder/penzingerbad.html;Hallenbad;Wien;Ernst Schügerl;;;;;ja;ja;;Hr. Stangl Hannes 0676/ 811844281;1;48.1974293;16.2955449
Sargfabrik Wien - Verein für Lebensgestaltung;1140;Wien;Goldschlagstraße 169;;;Sonstiges (Schulen, öffentl. Einrichtungen, …);Wien;Ernst Schügerl;;;;;ja;ja;;;1;48.1952213;16.3046408
Sommerbad Hadersdorf-Weidlingau MA44;1140;Wien;Hauptstraße 41;;http://www.wien.gv.at/freizeit/baeder/uebersicht/sommerbaeder/hadersdorf.html;Freibad;Wien;Ernst Schügerl;;;;;ja;ja;;Hr. DI Jellinek Bernhard 0676/81144572;1;48.209134;16.223182
Stadt des Kindes;1140;Wien;Hofjägerstrasse 6;;;Hallenbad;Wien;Ernst Schügerl;;;;;ja;ja;;;1;48.2066715;16.213661505536603
WEG 1140 Wien, Cumberlandstrasse 53p.A. IVB Immobilienverwaltung &-vermittlung Bründl GmbH;1140;Wien;Leyserstraße 1/8;;;Sonstiges (Schulen, öffentl. Einrichtungen, …);Wien;Ernst Schügerl;;;;;ja;ja;;;1;48.19970893106635;16.30254313568546
WEG Bauernfeldgasse 4p.A. Hawlisch & PartnerImmobilientreuhand GmbH;1140;Wien;Waidhausenstrasse 19/10;;;Sonstiges (Schulen, öffentl. Einrichtungen, …);Wien;Ernst Schügerl;;;;;ja;ja;;;1;48.200593653573996;16.279402520846475
WEG Pfarrwiesengasse 23p.A. Hawlisch & Partner Immobilientreuhand GmbH;1140;Wien;Waidhausenstrasse 19/10;;;Sonstiges (Schulen, öffentl. Einrichtungen, …);Wien;Ernst Schügerl;;;;;ja;ja;;;1;48.200593653573996;16.279402520846475
Familienwohnbau gemeinnützigeBau- u. Siedlungsgesellschaft m.b.H;1150;Wien;Märzstraße 1;;;Sonstiges (Schulen, öffentl. Einrichtungen, …);Wien;Ernst Schügerl;;;;;ja;ja;;;1;48.2005011;16.3366289
Institut für Sport- und Bewegungswissenschaften - Schmelz Sportzentrum ;1150;Wien;Auf der Schmelz 6;;;Sonstiges (Schulen, öffentl. Einrichtungen, …);Wien;Ernst Schügerl;;;;;ja;ja;;Hrr. Jetschko 0699 17728643;1;48.20373345;16.31755560385811
WEG 1110 Wien Braunhubergasse 28z.H.: WEVIG;1150;Wien;Märzstraße 1;;;Sonstiges (Schulen, öffentl. Einrichtungen, …);Wien;Ernst Schügerl;;;;;ja;ja;;;1;48.2005011;16.3366289
WEG 1130 Wien, Trazerberggasse 6c/ol HV Dr. Brandstetter GmbH;1150;Wien;Würfelgasse 4;;;Sonstiges (Schulen, öffentl. Einrichtungen, …);Wien;Ernst Schügerl;;;;;ja;ja;;;1;48.20556945;16.357914740612536
Zentrale für SportgeräteverleihSportplatzwartung Standort:Universitäts-Sportzentrum Wien;1150;Wien;Auf der Schmelz 6;;;Sonstiges (Schulen, öffentl. Einrichtungen, …);Wien;Ernst Schügerl;;;;;ja;ja;;;1;48.20373345;16.31755560385811
Dr. Richard Wolf Austria GmbH;1160;Wien;Wilhelminenstraße 93A;;;Sonstiges (Schulen, öffentl. Einrichtungen, …);Wien;noch keine Zuordnung;;;;;ja;ja;;;1;48.2179126;16.3049982
Familienbad Hofferplatz MA44;1160;Wien;Hofferplatz 466/2;;http://www.wien.gv.at/freizeit/baeder/uebersicht/familienbaeder.html;Freibad;Wien;Ernst Schügerl;;;;;ja;ja;;Hr. Stangl Hannes 0676/ 811844281;1;48.20905750283569;16.332891219882356
Kongreßbad;1160;Wien;Julius-Meinl-Gasse 7a;;http://www.wien.gv.at/freizeit/baeder/uebersicht/sommerbaeder/kongressbad.html;Freibad;Wien;Ernst Schügerl;;;;;ja;ja;;;1;48.221915949999996;16.31110816487567
Ottakringerbad MA44;1160;Wien;Johann-Staud-Straße 11;;http://www.wien.gv.at/freizeit/baeder/uebersicht/kombibaeder/ottakring.html;Frei- & Hallenbad;Wien;Ernst Schügerl;;;;;ja;ja;;Hr Ing. Hofbauer Gernot 0676/811844632;1;48.211683550000004;16.291000241927215
Jörgerbad MA44;1170;Wien;Jörgerstraße 42-44;;http://www.wien.gv.at/freizeit/baeder/uebersicht/hallenbaeder/joergerbad.html;Hallenbad;Wien;Ernst Schügerl;;;;;ja;ja;;Hr. Ing. Hofbauer Gernot 0676/811844632;1;48.2181341;16.3350065
Kongreßbad MA44;1170;Wien;Julius-Meinl-Gasse 7a;;;Freibad;Wien;Ernst Schügerl;;;;;ja;ja;;Hr. Stangl Hannes 0676/ 811844281;1;48.2215806;16.3123308
Neuwaldegger Bad;1170;Wien;Promenadegasse 58;;;Freibad;Wien;Ernst Schügerl;;;;;ja;ja;;Hr. Michael Dolezel 01/4862452;1;48.2330185;16.28582142951003
Familienbad Währinger Park MA44;1180;Wien;Semperstraße, Währinger Park 62;;http://www.wien.gv.at/freizeit/baeder/uebersicht/familienbaeder.html;Freibad;Wien;Ernst Schügerl;;;;;ja;ja;;Hr. Stangl Hannes 0676/ 811844281;1;48.232146;16.348441
MA 34 Hans Radl Schule;1180;Wien;Währinger Straße 173-181;;;Sonstiges (Schulen, öffentl. Einrichtungen, …);Wien;Ernst Schügerl;;;;;ja;ja;;Hr. Christian Volek 0660/1504640;1;48.229135;16.330818
Schafbergbad MA44;1180;Wien;Josef-Redl-Gasse 2;;http://www.wien.gv.at/freizeit/baeder/uebersicht/sommerbaeder/schafbergbad.html;Freibad;Wien;Ernst Schügerl;;;;;ja;ja;;Hr. Ing. Hofbauer Gernot 0676/811844632;1;48.2362416;16.3017341
Amerikanische Botschaft;1190;Wien;Boltzmanngasse 16;;;Sonstiges (Schulen, öffentl. Einrichtungen, …);Wien;Ernst Schügerl;;;;;ja;ja;;;1;48.2229203;16.35679364471384
Familienbad-Hugo-Wolf-Park MA44;1190;Wien;Hartäckerstraße, Hugo-Wolf-Park 54-58, Eingang Dänenstraße;;http://www.wien.gv.at/freizeit/baeder/uebersicht/familienbaeder.html;Freibad;Wien;Ernst Schügerl;;;;;ja;ja;;Hr. Stangl Hannes 0676/ 811844281;1;48.198674;16.348388
Glanzinggasse;1190;Wien;Glanzinggasse 35-39/ 4 E;;;Sonstiges (Schulen, öffentl. Einrichtungen, …);Wien;Ernst Schügerl;;;;;ja;ja;;Hr. Strebl 0676/82062876;1;48.2427081;16.3162464
Herbert Bau GmbHz.H. GF Alexander Finster;1190;Wien;Muthgasse 36;;;Sonstiges (Schulen, öffentl. Einrichtungen, …);Wien;Ernst Schügerl;;;;;ja;ja;;;1;48.2490454;16.369579602036467
Kombibad Döbling MA44;1190;Wien;Geweygasse 6;;http://www.wien.gv.at/freizeit/baeder/uebersicht/kombibaeder/doebling.html;Frei- & Hallenbad;Wien;Ernst Schügerl;;;;;ja;ja;;Hr. DI Rauch Lutz 0676/811844472;1;48.2506879;16.358106972295918
Krapfenwaldlbad MA44;1190;Wien;Krapfenwaldgasse 65-73;;http://www.wien.gv.at/freizeit/baeder/uebersicht/sommerbaeder/krapfenwaldlbad.html;Freibad;Wien;Ernst Schügerl;;;;;ja;ja;;Hr. DI Jellinek Bernhard 0676/81144572;1;48.2670606;16.3309881
Pfarrwiesengasse WHA;1190;Wien;Pfarrwiesengasse 23;;;Sonstiges (Schulen, öffentl. Einrichtungen, …);Wien;Ernst Schügerl;;;;;ja;ja;;;1;48.2460044;16.3448037
WEG Hohe Warte 48, 1190 WienBrichard Immobilien GmbH;1190;Wien;Peter-Jordan-Straße 8;;;Sonstiges (Schulen, öffentl. Einrichtungen, …);Wien;Ernst Schügerl;;;;;ja;ja;;;1;48.2372456;16.3480008
Wertheimsteinpark (WHA);1190;Wien;Heiligenstädter Straße 69;nicht auffindbar;;Freibad;Wien;Ernst Schügerl;;;;;ja;ja;;Hr. Maxin 0664/8117382;1;48.2414941;16.3607745
Wiener Komfortwohnungen GmbH;1190;Wien;Muthgasse 36;;;Sonstiges (Schulen, öffentl. Einrichtungen, …);Wien;Ernst Schügerl;;;;;ja;ja;;;1;48.2490454;16.369579602036467
Wohnpark Fortuna;1190;Wien;Weinberggasse 67-71;;;Sonstiges (Schulen, öffentl. Einrichtungen, …);Wien;Ernst Schügerl;;;;;ja;ja;;;1;48.2435539;16.3318905
Hallenbad Brigittenau MA44;1200;Wien;Klosterneuburger Straße 93-97;;http://www.wien.gv.at/freizeit/baeder/uebersicht/hallenbaeder/brigittenau.html;Hallenbad;Wien;Ernst Schügerl;;;;;ja;ja;;Hr. Ing. Alteneichinger 0676/ 811844502;1;48.2356321;16.3649602
Holmes Place Millenium;1200;Wien;Wehlistr. 66;;;Sonstiges (Schulen, öffentl. Einrichtungen, …);Wien;Ernst Schügerl;;;;;ja;ja;;Rade Savic 0676/844644360;1;48.2403452;16.3859373
WEG Erzherzog Karl Straße 25p.A. teamneunzehn.at Hausverwaltung GmbH;1200;Wien;Handelskai 94-96;;;Sonstiges (Schulen, öffentl. Einrichtungen, …);Wien;Ernst Schügerl;;;;;ja;ja;;;1;48.2405665;16.385222504408326
WEG Erzherzog Karl Straße 27p.A. teamneunzehn.at Hausverwaltung GmbH;1200;Wien;Handelskai 94-96;;;Sonstiges (Schulen, öffentl. Einrichtungen, …);Wien;Ernst Schügerl;;;;;ja;ja;;;1;48.2405665;16.385222504408326
Wohnungsanlage Hartlgasse;1200;Wien;Hartlgasse 28-30;;;Sonstiges (Schulen, öffentl. Einrichtungen, …);Wien;Ernst Schügerl;;;;;ja;ja;;Hr. Dogan 0699/ 12120078;1;48.233567;16.3728101
Carabelligasse 3+4;1210;Wien;Carabelligasse 5 Bauplatz 3+4;;;Sonstiges (Schulen, öffentl. Einrichtungen, …);Wien;Ernst Schügerl;;;;;ja;ja;;Hr. Tröstl 0680/2381961;1;48.280889450000004;16.413441301945916
Club Danube;1210;Wien;Arbeiterstrandbadstrasse 85 a;geschlossen;;Sonstiges (Schulen, öffentl. Einrichtungen, …);Wien;Ernst Schügerl;;;;;ja;ja;;;1;48.2449235;16.4100583
Familienbad Stammersdorf MA44 ;1210;Wien;Stammersdorf, Luckenschwemmgasse Ecke Josef-Flandorfer-Straße;;http://www.wien.gv.at/freizeit/baeder/uebersicht/familienbaeder.html;Freibad;Wien;Ernst Schügerl;;;;;ja;ja;;Hr. Stangl Hannes 0676/ 811844281;1;48.299459;16.412234
Familienbad Strebersdorf MA44;1210;Wien;Roda-Roda-Gasse 11 Strebersdorf;;http://www.wien.gv.at/freizeit/baeder/uebersicht/familienbaeder.html;Freibad;Wien;Ernst Schügerl;;;;;ja;ja;;Hr. Stangl Hannes 0676/ 811844281;1;48.291038847790524;16.384289041708247
Hallenbad Floridsdorf MA10 ;1210;Wien;Franklinstraße 22;;http://www.wien.gv.at/freizeit/baeder/uebersicht/hallenbaeder/floridsdorf.html;Hallenbad;Wien;Ernst Schügerl;;;;;ja;ja;;;1;48.254405649999995;16.402394988646737
Heinz Nittel Hof - Bad 1 - Bad 8 (Garage);1210;Wien;Ruthnergasse 91;;;Sonstiges (Schulen, öffentl. Einrichtungen, …);Wien;Gerald Jagschitz;;;;;ja;ja;;;1;48.2780366;16.422778292638718
Kombibad Großfeldsiedlung;1210;Wien;Oswald-Redlich-Straße 44;;http://www.wien.gv.at/freizeit/baeder/uebersicht/kombibaeder/grossfeldsiedlung.html;Frei- & Hallenbad;Wien;Ernst Schügerl;;;;;ja;ja;;;1;48.2738804;16.4488026
MA44 Floridsdorf;1210;Wien;Franklinstrasse 28;nicht auffindbar;;Hallenbad;Wien;Ernst Schügerl;;;;;ja;ja;;Hr. DI Jellinek Bernhard 0676/81144572;1;48.2529475;16.405839647749296
MA44 Großfeldsiedlung ;1210;Wien;Oswald-Redlich- Straße 44;;;Frei- & Hallenbad;Wien;Ernst Schügerl;;;;;ja;ja;;Hr. Ing. Alteneichinger 0676/ 811844502;1;48.2738804;16.4488026
MA54 Zentraler Einkauf ;1210;Wien;Oswald-Redlich- Straße 9;;;Sonstiges (Schulen, öffentl. Einrichtungen, …);Wien;Ernst Schügerl;;;;;ja;ja;;;1;48.27338535;16.44004682702507
Strandbad Angelibad;1210;Wien;Birnersteig, An der oberen Alten Donau 1;;http://www.wien.gv.at/freizeit/baeder/uebersicht/sommerbaeder/angelibad.html;Naturbadeanlage Plus;Wien;Ernst Schügerl;;;;;ja;ja;;Hr. Ing Gumbinger 0676/811844381;1;48.24246997409553;16.42486944050315
Wohnungsanlage Ödenburger Strasse WHA;1210;Wien;Ödenburger Strasse 19-21;;;Sonstiges (Schulen, öffentl. Einrichtungen, …);Wien;Ernst Schügerl;;;;;ja;ja;;;1;48.28538146829031;16.40416408736977
Aspern D4;1220;Wien;Seestadtstrasse;;;sonstiges (Schulen, öffentl. Einrichtungen, …);Wien;Ernst Schügerl;;;;;ja;ja;;;1;48.21897953435244;16.511555766974897
Bundesbad Alte Donau;1220;Wien;Arbeiterstrandbadstraße 93;;http://www.burghauptmannschaft.at/php/detail.php?ukatnr=12188&parent=12170;Naturbadeanlage;Wien;Ernst Schügerl;;;;;ja;ja;;;1;48.24184495;16.42137053096506
Cleanglobal;1220;Wien;Ilse-Arlt-Strasse 44/4/23;;;sonstiges (Schulen, öffentl. Einrichtungen, …);Wien;Ernst Schügerl;;;;;ja;ja;;;1;48.2272328;16.5031753
Holmes Place Wagramer Straße;1220;Wien;Wagramer Straße 17-18;dauerhaft geschlossen;;Sonstiges (Schulen, öffentl. Einrichtungen, …);Wien;Ernst Schügerl;;;;;ja;ja;;Hr Momo 0676 / 844644450;1;48.27919102346565;16.504856480445824
Janis Joplin J2;1220;Wien;Janis-Joplin-Promenade 6/J2;;;Sonstiges (Schulen, öffentl. Einrichtungen, …);Wien;Ernst Schügerl;;;;;ja;ja;;;1;48.22619193886531;16.50623702427458
John Harris Fitness DC Tower;1220;Wien;Donau-City Strasse 7/2. Stock;;;Sonstiges (Schulen, öffentl. Einrichtungen, …);Wien;Ernst Schügerl;;;;;ja;ja;;Herr Simon Jr.;1;48.231892099999996;16.412701488683325
Kombibad Donaustadt MA44;1220;Wien;Portnergasse 38;;http://www.wien.gv.at/freizeit/baeder/uebersicht/kombibaeder/donaustadt.html;Frei- & Hallenbad;Wien;Ernst Schügerl;;;;;ja;ja;;Hr. Ing. Alteneichinger Robert 0676/ 811844652;1;48.2427739;16.4429922
Lössweg WHA;1220;Wien;Sebaldgasse 8;;;Sonstiges (Schulen, öffentl. Einrichtungen, …);Wien;Ernst Schügerl;;;;;ja;ja;;;1;48.260577;16.447204854125772
Mittelfeldweg;1220;Wien;Mittelfeldweg 26/7;;;Sonstiges (Schulen, öffentl. Einrichtungen, …);Wien;Ernst Schügerl;;;;;ja;ja;;Hr. Ing Hohenrieder 0676/83124746;1;48.24694932778041;16.48777527975443
Strandbad Alte Donau MA44;1220;Wien;Arbeiterstrandbadstraße 91;;http://www.wien.gv.at/freizeit/baeder/uebersicht/sommerbaeder/altedonau.html;Naturbadeanlage Plus;Wien;Ernst Schügerl;;;;;ja;ja;;Hr. Ing. Gumpinger Josef 0676 811844202;1;48.2421789;16.4168383
Strandbad Gänsehäufel MA44;1220;Wien;Moissigasse 21;;http://www.wien.gv.at/freizeit/baeder/uebersicht/sommerbaeder/gaensehaeufel.html;Naturbadeanlage Plus;Wien;Ernst Schügerl;;;;;ja;ja;;Hr. Stangl Hannes 0676/811844281;1;48.2315205;16.43144928156345
Theresienbad;1220;Wien;Hufelandgasse 3;;http://www.wien.gv.at/freizeit/baeder/uebersicht/kombibaeder/theresienbad.html;Frei- & Hallenbad;Wien;Ernst Schügerl;;;;;ja;ja;;;1;48.1817713;16.32812908885447
WEG Attemsgasse 7 vertreten durch dieHübl & Partner Immobilien GmbH;1220;Wien;Attemsgasse 7;;;Sonstiges (Schulen, öffentl. Einrichtungen, …);Wien;Ernst Schügerl;;;;;ja;ja;;;1;48.2475496;16.434046187356422
WEG Ogugasse 5Hübl&Partner Immobilientreuhand GmbH;1220;Wien;Attemsgasse 7;;;Sonstiges (Schulen, öffentl. Einrichtungen, …);Wien;Ernst Schügerl;;;;;ja;ja;;;1;48.2475496;16.434046187356422
Wohnblock Star 22 WHA;1220;Wien;Stadtlauer Straße 58-60;;;Sonstiges (Schulen, öffentl. Einrichtungen, …);Wien;Ernst Schügerl;;;;;ja;ja;;;1;48.231328;16.364448
Altmannsdorfer Straße WHA;1230;Wien;Altmannsdorfer Straße 104/Stiege 3;;;Sonstiges (Schulen, öffentl. Einrichtungen, …);Wien;Ernst Schügerl;;;;;ja;ja;;;1;48.1612265;16.3172553
Endressstraße ;1230;Wien;Endressstraße 58;;;Sonstiges (Schulen, öffentl. Einrichtungen, …);Wien;Ernst Schügerl;;;;;ja;ja;;Hr. Ing. Hofbauer Gernot 0676/811844632;1;48.148627;16.278748
ESW Gebäudetechnik Lastenstrasse WHA;1230;Wien;Lastenstrasse 23;;;Sonstiges (Schulen, öffentl. Einrichtungen, …);Wien;Ernst Schügerl;;;;;ja;ja;;;1;48.1415988;16.287426087895874
Freibad Höpflerbad MA44;1230;Wien;Endresstraße 24-26;;http://www.wien.gv.at/freizeit/baeder/uebersicht/sommerbaeder/hoepflerbad.html;Sonstiges (Schulen, öffentl. Einrichtungen, …);Wien;Ernst Schügerl;;;;;ja;ja;;;1;48.1482269;16.28606697072619
Gemeinnützige Bau- undWohnungsgenossenschaft Wien -Süd eGenmbH;1230;Wien;Untere Aquäduktgasse 7;;;Sonstiges (Schulen, öffentl. Einrichtungen, …);Wien;Ernst Schügerl;;;;;ja;ja;;;1;48.1360883;16.2730227
KIWI-Kindergarten Breitenfurter Strasse WHA;1230;Wien;Breitenfurter Strasse 239/241;;;Sonstiges (Schulen, öffentl. Einrichtungen, …);Wien;Ernst Schügerl;;;;;ja;ja;;;1;48.14562869368505;16.29476995820327
Liesinger Bad MA44;1230;Wien;Perchtoldsdorfer Straße 14-16;;http://www.wien.gv.at/freizeit/baeder/uebersicht/sommerbaeder/liesingerbad.html;Freibad;Wien;Ernst Schügerl;;;;;ja;ja;;Hr. Ing. Hofbauer Gernot 0676/811844632;1;48.1326648;16.2808357
MA 42 Kanitzgasse Sonderpädagogische Schule ;1230;Wien;Kanitzgasse 8;;;Sonstiges (Schulen, öffentl. Einrichtungen, …);Wien;Ernst Schügerl;;;;;ja;ja;;;1;48.1512324;16.271052555887096
MEG Atzgersdorfer Straße 259, 1230 Wienp.A. Wien Süd e GenmbH;1230;Wien;Atzgersdorfer Straße 259;;;Sonstiges (Schulen, öffentl. Einrichtungen, …);Wien;Ernst Schügerl;;;;;ja;ja;;;1;48.151682699999995;16.29521471947467
Neuro. Therapiez. Gmundnerberg GmbHc/o VAMED Gesamtbetriebsführung AT;1230;Wien;Am Europaplatz 5;;;Sonstiges (Schulen, öffentl. Einrichtungen, …);Wien;Petra Freilinger ;;;;;ja;ja;;;1;48.170118;16.333628
Rösslergasse WHA;1230;Wien;Rösslergasse 1, Erlaaer Platz 2;;;Freibad;Wien;Ernst Schügerl;;;;;ja;ja;;Hr. Puschkaritz 0650/ 5913242;1;48.147463;16.310184
WEG Franz Parsche Gasse 12-16p.A. Wien Süd eGenmbH;1230;Wien;Untere Aquäduktgasse 7;;;Sonstiges (Schulen, öffentl. Einrichtungen, …);Wien;Ernst Schügerl;;;;;ja;ja;;;1;48.1360883;16.2730227
WEG Johann Sebastian Bach Gasse 17pA: Wien Süd eGenmbHObjekt: Green Village, J.S. Bachgasse, 7000 Eisenstadt;1230;Wien;Untere Aquäduktgasse 7;;;Sonstiges (Schulen, öffentl. Einrichtungen, …);Wien;Ernst Schügerl;;;;;ja;ja;;;1;48.1360883;16.2730227
WEG Mittelfeldweg 2-42ac/o Wien Süd eGenmbH;1230;Wien;Untere Aquäduktgasse 7;;;Sonstiges (Schulen, öffentl. Einrichtungen, …);Wien;Ernst Schügerl;;;;;ja;ja;;;1;48.1360883;16.2730227
WEG Rösslergasse 4a-Cp.A. Gemeinnützige Bau- u, Wohnungsgen.Wien Süd eGenmbH;1230;Wien;Untere Aquäduktgasse 7;;;Sonstiges (Schulen, öffentl. Einrichtungen, …);Wien;Ernst Schügerl;;;;;ja;ja;;;1;48.1360883;16.2730227
WEG Simmeringer Hauptstraße 101-103p:A. Bau- und Wohnungsgen. Wien-Süd eGenmbH;1230;Wien;Untere Aquäduktgasse 7;;;Sonstiges (Schulen, öffentl. Einrichtungen, …);Wien;Ernst Schügerl;;;;;ja;ja;;;1;48.1360883;16.2730227
WEG Zelda Kaplan Weg 5p.A. Wien Süd eGenmbH;1230;Wien;Untere Aquäduktgasse 7;;;Sonstiges (Schulen, öffentl. Einrichtungen, …);Wien;Ernst Schügerl;;;;;ja;ja;;;1;48.1360883;16.2730227
Wiener Flur WHA;1230;Wien;Porschestraße 17-19;;;Hallenbad;Wien;Ernst Schügerl;;;;;ja;ja;;Hr. Steininger 069916069526;1;48.1314808;16.3104816
Wien-SüdProjektmanagement GmbH;1230;Wien;Untere Aquäduktgasse 7;;;Sonstiges (Schulen, öffentl. Einrichtungen, …);Wien;Ernst Schügerl;;;;;ja;ja;;;1;48.1360883;16.2730227
Alt-Erlaa;1232;Wien;Anton Baumgartner-Str. 44;nicht auffindbar;;Freibad ;Wien;Ernst Schügerl;;;;;ja;ja;;Hr. Lager 01/66726150;1;48.15123055;16.312205020990177
Freibad & Erholungszentrum Stockerau;2000;Stockerau    ;Weg zum Hallenbad 1;;;Frei- & Hallenbad;Niederösterreich;Gerald Jagschitz;;;;;ja;ja;;;1;48.3943519;16.2190444
Erlebnisfreibad Hollabrunn;2020;Hollabrunn    ;Badhausgasse 17;;;Freibad;Niederösterreich;Alexander Plöchl;;;;;ja;ja;;;1;48.56089605;16.074561366478097
Parkbad Haugsdorf;2054;Haugsdorf    ;Am Mühlgraben 4;;;Freibad;Niederösterreich;Alexander Plöchl;;;;;ja;ja;;;1;48.7101689;16.07656217425795
Sonderschulgemeinde Korneuburg;2100;Korneuburg;Hauptplatz 39;;;Sonstiges (Schulen, öffentl. Einrichtungen, …);Niederösterreich;Ernst Schügerl;;;;;ja;ja;;;1;48.343963200000005;16.33358388168846
Florian Berndl Bad;2102;Bisamberg    ;Gustl-Schmidt-Allee 1;;https://berndl-bad.at/;Frei- & Hallenbad;Niederösterreich;Ernst Schügerl;;;;;ja;ja;;;1;48.3352741;16.345233757984268
Hotel Am Sachsengang Betriebs GmbHThermenhotel Vier Jahreszeiten;2102;Hagenbrunn;Hauptstrasse 20;;;Hotelanlage;Niederösterreich;noch keine Zuordnung;;;;;ja;ja;;;1;48.333328;16.405594
Stadtgemeinde Wolkersdorfim Weinviertel;2120;Wolkersdorf;Hauptstraße 28;;;Freibad;Niederösterreich;Gerald Jagschitz;;;;;ja;ja;;;1;48.383159;16.517828
Freibad Kreuzstetten;2124;Niederkreuzstetten    ;Badgasse 16;;;Freibad;Niederösterreich;Gerald Jagschitz;;;;;ja;ja;;;1;48.482289;16.4782664
Weinlandbad;2130;Mistelbach    ;Mitschastraße 46;;;Freibad;Niederösterreich;Gerald Jagschitz;;;;;ja;ja;;;1;48.56275235;16.576317080387035
Therme Laa;2136;Laa an der Thaya;Thermenplatz 1;;https://www.therme-laa.at/;Hotelanlage;Niederösterreich;Gerald Jagschitz;;;;;ja;ja;02522 84700733;;1;48.7235273;16.39380778066706
Therme Laa – Hotel & Silent Spa;2136;Laa an der Thaya ;Thermenplatz 3;;https://www.therme-laa.at/;Therme;Niederösterreich;Gerald Jagschitz;;;;;ja;ja;;;1;48.7230209;16.392105859701203
Neue NÖ Mittelschule Poysdorf;2170;Poysdorf    ;Hindenburgstraße 34;;;Sonstiges (Schulen, öffentl. Einrichtungen, …);Niederösterreich;Gerald Jagschitz;;;;;ja;ja;;;1;48.6650501;16.6329624
Danilo Ditmajer s.p.Montaza in vzdrzevanje energetskih naprav;2229;Malecnik;Celestrina 12L;;;Sonstiges (Schulen, öffentl. Einrichtungen, …);;Martin Schwab;;;;;ja;ja;;;1;46.556845;15.715594
Regionalbad Gänserndorf;2230;Gänserndorf    ;Bahnstraße 5;;;Hallenbad;Niederösterreich;Gerald Jagschitz;;;;;ja;ja;;;1;48.34211555;16.721333900000005
Parkbad Schönkirchen-Reyersdorf;2241;Schönkirchen-Reyersdorf    ;Schulstraße 2;;;Freibad;Niederösterreich;Gerald Jagschitz;;;;;ja;ja;;;1;48.3662227;16.6969841
Wellness und Erlebnisbad Rabensburg;2274;Rabensburg    ;Mühlgasse 100;;;Freibad;Niederösterreich;Gerald Jagschitz;;;;;ja;ja;;;1;48.6516692;16.9042106
Freibad Rutzendorf;2301;Groß Enzersdorf;Ortsstraße 36;;;Freibad;Niederösterreich;Gerald Jagschitz;;;;;ja;ja;;;1;48.2056138;16.628628858139535
Freizeitzentrum Schwechat;2320;Schwechat    ;Plankenwehrstraße 11-13;;;Freibad;Niederösterreich;Ernst Schügerl;;;;;ja;ja;;;1;48.14132849997907;16.47377059028592
Sonderschulgemeinde Schwechat;2320;Schwechat    ;Rathausplatz 9;;;Sonstiges (Schulen, öffentl. Einrichtungen, …);Niederösterreich;Ernst Schügerl;;;;;ja;ja;;;1;48.1399512;16.47561120835433
Stadtgemeinde SchwechatAbt. GB3/GG1;2320;Schwechat    ;Rathausplatz 9;;;Sonstiges (Schulen, öffentl. Einrichtungen, …);Niederösterreich;Ernst Schügerl;;;;;ja;ja;;;1;48.1399512;16.47561120835433
Stadtgemeinde SchwechatGB2 - Wasserwerk;2320;Schwechat    ;Rathausplatz 9;;;Sonstiges (Schulen, öffentl. Einrichtungen, …);Niederösterreich;Ernst Schügerl;;;;;ja;ja;;;1;48.1399512;16.47561120835433
Stadtgemiende SchwechatAbteilung 4;2320;Schwechat    ;Rathausplatz 9;;;Sonstiges (Schulen, öffentl. Einrichtungen, …);Niederösterreich;Ernst Schügerl;;;;;ja;ja;;;1;48.1399512;16.47561120835433
Waldbad Himberg;2325;Himberg    ;Im Wäldchen 1;;;Freibad;Niederösterreich;Gerald Jagschitz;;;;;ja;ja;;;1;48.0801348;16.4329073
Ziegler Christian Gesellschaft m.b.H.;2326;Maria Lanzendorf;Paul Hasenöhrl-Platz 2;;;Sonstiges (Schulen, öffentl. Einrichtungen, …);;Ernst Schügerl;;;;;ja;ja;;;1;48.100346;16.422671
BMTC Brühl Mödlinger Tennis Club;2340;Mödling;Liechtensteinstraße 13;;;Sonstiges (Schulen, öffentl. Einrichtungen, …);Niederösterreich;Ernst Schügerl;;;;;ja;ja;;;1;48.0841918;16.261196065858833
Stadtbad Mödling;2340;Mödling;Badstraße 25;;;Frei- & Hallenbad;Niederösterreich;Ernst Schügerl;;;;;ja;ja;;;1;48.0812366;16.287710727016645
Admira WackerProfibetrieb GMBH;2344;Maria Enzersdorf;Johann Steinböckstr. 5b;;;Sonstiges (Schulen, öffentl. Einrichtungen, …);Niederösterreich;Ernst Schügerl;;;;;ja;ja;;;1;48.096894297708644;16.31035023761568
BSFZ Südstadt;2344;Maria Enzersdorf;Liese Prokop-Platz 1;;https://suedstadt.bsfz.at/;Sonstiges (Schulen, öffentl. Einrichtungen, …);Niederösterreich;Gerald Jagschitz;;;;;ja;ja;;;1;48.099106;16.312801
Holmes Place Wien GmbH;2344;Maria Enzersdorf;Wehlistrasse 66, 5. OG;;;Sonstiges (Schulen, öffentl. Einrichtungen, …);Niederösterreich;Ernst Schügerl;;;;;ja;ja;;;1;48.097241;16.277438
GOLF & COUNTRY CLUB BRUNNBetriebsgmbH;2345;Brunn am Gebirge;Rennweg 50;;;Sonstiges (Schulen, öffentl. Einrichtungen, …);Niederösterreich;Ernst Schügerl;;;;;ja;ja;;;1;48.10431615;16.303966357924523
Marktgemeinde Brunn am Gebirge;2345;Brunn am Gebirge;Franz Anderle Platz 1;;;Sonstiges (Schulen, öffentl. Einrichtungen, …);Niederösterreich;Gerald Jagschitz;;;;;ja;ja;;;1;48.1073614;16.2833628
Freibad Gumpoldskirchen;2352;Gumpoldskirchen    ;Friedrich-Schiller-Straße 11;;;Freibad;Niederösterreich;Ernst Schügerl;;;;;ja;ja;;;1;48.046179;16.281192
Klosterbad;2362;Biedermannsdorf;Josef Bauer-Straße 43;;;Freibad;Niederösterreich;Ernst Schügerl;;;;;ja;ja;;;1;48.0843687;16.3464225
OptimaMed Rehabilitationszentrum Perchtoldsdorf GmbH;2380;Perchtoldsdorf    ;Sonnbergstraße 93;;;Sonstiges (Schulen, öffentl. Einrichtungen, …);Niederösterreich;Gerald Jagschitz;;;;;ja;ja;;;1;48.128714;16.2565266
PVA;2381;Laab im Walde;Tiergartenstraße 3C;;https://www.rz-laabimwalde.at/de/home/;Sonstiges (Schulen, öffentl. Einrichtungen, …);Niederösterreich;Gerald Jagschitz;;;;;ja;ja;;;1;48.157155849999995;16.178346184278787
Bergbad Hainburg;2410;Hainburg an der Donau ;Braunsbergstraße 3;;;Freibad;Niederösterreich;Gerald Jagschitz;;;;;ja;ja;;;1;48.15086557326860;16.948229878290600
Europa-Hauptschule Schwadorf;2432;Schwadorf;obere Umfahrungsstraße 16;;https://www.emsschwadorf.at/;Sonstiges (Schulen, öffentl. Einrichtungen, …);Niederösterreich;Gerald Jagschitz;;;;;ja;ja;;;1;48.070602;16.579465
Hallenbad Schwadorf;2432;Schwadorf;Obere Umfahrungsstraße 16;;;Hallenbad;Niederösterreich;Gerald Jagschitz;;;;;ja;ja;;;1;48.0708607;16.579295776666363
Freibad Ebergassing;2435;Ebergassing;Badgasse 2;;;Freibad;Niederösterreich;Gerald Jagschitz;;;;;ja;ja;;;1;48.043636792720974;16.520118191116474
Marktgemeinde Seibersdorf;2443;Deutsch-Brodersdorf;Obere Hauptstraße 8;;;Freibad;Niederösterreich;Gerald Jagschitz;;;;;ja;ja;;;1;47.9393164;16.4763205
Freibad Seibersdorf;2444;Seibersdorf;Unterzeile 6;;;Freibad;Niederösterreich;Gerald Jagschitz;;;;;ja;ja;;;1;47.96233985;16.518320198945474
ThermalSportbad Mannersdorf am Leithagebirge;2452;Mannersdorf am Leithagebirge  ;Mühlgasse;;;Freibad;Niederösterreich;Gerald Jagschitz;;;;;ja;ja;;;1;47.97214541340806;16.602394319955266
Parkbad Bruck an der Leitha;2460;Bruck an der Leitha ;Parkbadstraße 5;;;Freibad;Niederösterreich;Ernst Schügerl;;;;;ja;ja;;;1;48.0281236;16.7956776
Erlebnisbad Prellenkirchen;2472;Prellenkirchen;Neustiftgasse 38;;;Freibad;Niederösterreich;Gerald Jagschitz;;;;;ja;ja;;;1;48.076647;16.943171
Klinikum Austria Gesundheitsgruppe GmbH Klinikum am Kurpark Baden;2500;Baden    ;Renngasse 2;;;Sonstiges (Schulen, öffentl. Einrichtungen, …);Niederösterreich;Ernst Schügerl;ja;;;;ja;ja;;;1;48.0091272;16.2333555
KurhausBadener KurbetriebsgesmbH;2500;Baden    ;Pelzgasse 30;;;Hotelanlage;Niederösterreich;Ernst Schügerl;;;;;ja;ja;;;1;48.0091384;16.228600992912465
Österreichische GesundheitskasseMein Peterhof Baden;2500;Baden    ;Sauerhofstrasse 9-15;;;Sonstiges (Schulen, öffentl. Einrichtungen, …);Niederösterreich;Ernst Schügerl;;;;;ja;ja;;;1;48.004362;16.22912576571093
Pädagogische Hochschule Baden;2500;Baden;Mühlgasse 67;;https://www.ph-noe.ac.at/de/;Sonstiges (Schulen, öffentl. Einrichtungen, …);Niederösterreich;Ernst Schügerl;;;;;ja;ja;;;1;48.0095418;16.25540710953925
Pädagogische Hochschule Niederösterreich;2500;Baden    ;Mühlgasse 67;;;Sonstiges (Schulen, öffentl. Einrichtungen, …);Niederösterreich;Ernst Schügerl;;;;;ja;ja;;;1;48.0095418;16.25540710953925
Rehabilitationszentrum Engelsbad;2500;Baden;Weilburgstraße 7-9;;https://www.rz-engelsbad.at/cdscontent/?contentid=10007.857343&portal=bvaebengelsbadportal;Sonstiges (Schulen, öffentl. Einrichtungen, …);Niederösterreich;Ernst Schügerl;;;;;ja;ja;;;1;48.0051596;16.229864470348836
Römertherme Baden;2500;Baden    ;Brusattiplatz 4;vorübergehend geschlossen;https://www.roemertherme.at/;Therme;Niederösterreich;Ernst Schügerl;;;;;ja;ja;;;1;48.0085244;16.229862475412894
Stadtgärten Baden;2500;Baden    ;Kurpark 5;;;Sonstiges (Schulen, öffentl. Einrichtungen, …);Niederösterreich;Ernst Schügerl;;;;;ja;ja;;;1;48.005206;16.240786
Stadtgemeinde BadenJugend- u. Sportreferat;2500;Baden    ;Waltersdorfer Straße 40;;;Sonstiges (Schulen, öffentl. Einrichtungen, …);Niederösterreich;Ernst Schügerl;;;;;ja;ja;;;1;47.9987898;16.2555519
Thermalstrandbad Baden;2500;Baden    ;Helenenstraße 19 - 21;;;Freibad;Niederösterreich;Ernst Schügerl;;;;;ja;ja;;;1;48.0061638;16.2212142
Versicherungsanstalt öffentlich Bediensteter,Eisenbahnen und Bergbau (BVAEB)Rehabilitationszentraum Engelsbad;2500;Baden    ;Weilburgstraße 7-9;;;Sonstiges (Schulen, öffentl. Einrichtungen, …);Niederösterreich;Ernst Schügerl;;;;;ja;ja;;;1;48.0051596;16.229864470348836
R-SKA Baden Betriebs GmbH;2501;Baden;Adolfine-Malcher-Gasse 1;;https://www.klinikum-malcherhof.at/de/impressum;Sonstiges (Schulen, öffentl. Einrichtungen, …);Niederösterreich;Ernst Schügerl;;;;;ja;ja;;;1;48.01107125;16.240351488674158
Fontana Sportveranstaltungs GmbH;2522;Oberwaltersdorf    ;Fontana Allee 1;;;Sonstiges (Schulen, öffentl. Einrichtungen, …);Niederösterreich;Ernst Schügerl;;;;;ja;ja;;;1;47.977754399999995;16.309010145548015
PensionsversicherungsanstaltSonderkrankenanstalt-Rehabilitationszentrum Alland;2534;Alland;Alland 146;;;Sonstiges (Schulen, öffentl. Einrichtungen, …);Niederösterreich;Gerald Jagschitz;;;;;ja;ja;;;1;48.051711;16.051869
Reha Zentrum Alland;2534;Alland;Alland 146;;;Sonstiges (Schulen, öffentl. Einrichtungen, …);Niederösterreich;Gerald Jagschitz;;;;;ja;ja;;;1;48.051711;16.051869
Kurzentrum Bad Vöslau;2540;Bad Vöslau;Badner Straße 7-9;;;Sonstiges (Schulen, öffentl. Einrichtungen, …);Niederösterreich;Ernst Schügerl;;;;;ja;ja;;;1;47.9690229;16.211375294108013
Thermalbad Bad Vöslau;2540;Bad Vöslau   ;Maital 2;;https://www.thermalbad-voeslau.at/;Therme;Niederösterreich;Ernst Schügerl;;;;;ja;ja;;;1;47.9670917;16.2127023
Marktgemeinde Leobersdorf /erlebnisbad;2544;Leobersdorf    ;Rathausplatz 1;;;Freibad;Niederösterreich;Ernst Schügerl;;;;;ja;ja;;;1;47.92796155;16.21726062073739
Wellnessoase Leobersdorf;2544;Leobersdorf    ;Obere Grabengasse 18;;https://www.wellnessoase.co.at/;Sonstiges (Schulen, öffentl. Einrichtungen, …);Niederösterreich;Ernst Schügerl;;;;;ja;ja;;;1;47.9320395;16.210762683170657
Erlebnisbad Centrelax;2560;Berndorf    ;Sportpromenade 14;;;Freibad;Niederösterreich;Ernst Schügerl;;;;;ja;ja;;;1;47.94920585;16.104054907631465
Schloss Hernstein Hotelbetriebsgesellschaft mbH;2560;Berndorf    ;Berndorfer Straße 32;;;Hotelanlage;Niederösterreich;Ernst Schügerl;;;;;ja;ja;;;1;47.9334781;16.1643084
Land Niederösterreichp.A.NÖ SozialpädagogischesBetreuungszentrum Pottenstein;2563;Pottenstein;Gutensteinerstraße 65;;;Sonstiges (Schulen, öffentl. Einrichtungen, …);Niederösterreich;Ernst Schügerl;;;;;ja;ja;;;1;47.9598464;16.08287591421942
Mario Grabner Pool e.U.;2563;Pottenstein;Bundesstraße 26;;;Sonstiges (Schulen, öffentl. Einrichtungen, …);Niederösterreich;Ernst Schügerl;;;;;ja;ja;;;1;47.953049;16.097932
Marktgemeinde Sollenau;2601;Sollenau;Hauptplatz 11;;;Sonstiges (Schulen, öffentl. Einrichtungen, …);Niederösterreich;Ernst Schügerl;;;;;ja;ja;;;1;47.896273;16.2495861
Freibad Felixdorf;2603;Felixdorf;Badgasse 4;;;Freibad;Niederösterreich;Ernst Schügerl;;;;;ja;ja;;;1;47.881724;16.228647464722364
Stadtgemeinde NeunkirchenErholungszentrum;2620;Neunkirchen;Am Erholungszentrum 8;;;Frei- & Hallenbad;Niederösterreich;Ernst Schügerl;;;;;ja;ja;;;1;47.7214067;16.072692617271173
HV WEG Gläserstraße 5 (Sonnhof)zH Immobilienservice Michaela Hofer;2640;Gloggnitz    ;August-Fabbri-Straße 7;;;Hotelanlage;Niederösterreich;Ernst Schügerl;;;;;ja;ja;;;1;47.68009685;15.972688324940945
Freibad Payerbach;2650;Payerbach    ;Dr. Coumont Straße 4;;;Freibad;Niederösterreich;Gerald Jagschitz;;;;;ja;ja;;;1;47.692257549999994;15.862433466161782
Payerbacherhof;2650;Payerbach;Hauptstraße 2;;https://www.payerbacherhof.at/;Hotelanlage;Niederösterreich;Gerald Jagschitz;ja;;;;ja;ja;;;1;47.693012;15.863537
Gemeinschaft Strandbad Edlach;2651;Reichenau an der Rax ;Johann-Reifböck-Gasse 23;;;Freibad;Niederösterreich;Gerald Jagschitz;;;;;ja;ja;;;1;47.694945950000005;15.837716336584599
Hotel Raxalpenhof;2651;Reichenau;Preinrotte 9;;;Hotelanlage;Niederösterreich;Gerald Jagschitz;;;;;ja;ja;;;1;47.69939;9.061283
Marienhof;2651;Reichenau an der Rax;Hauptstraße 71-73;;https://www.marienhof.at/de/?utm_source=GoogleMyBusiness&utm_medium=KlickWebsite&utm_campaign=GoogleMyBusiness;Hotelanlage;Niederösterreich;Gerald Jagschitz;;;;;ja;ja;;;1;47.6965823;15.840116381114973
Semmering Sporthotel ;2680;Semmering;Carolusstraße 10;;https://semmering.com/;Hotelanlage;Niederösterreich;Ernst Schügerl;;;;;ja;ja;02664 86410;;1;47.63053045;15.837231477972082
Akademiebad Wiener Neustadt;2700;Wiener Neustadt   ;Ungargasse 26;;;Freibad;Niederösterreich;Ernst Schügerl;;;;;ja;ja;;;1;47.8114883;16.2518262229245
Aqua Nova;2700;Wiener Neustadt   ;Ferdinand Graf von Zeppelinstraße 12;;;Frei- & Hallenbad;Niederösterreich;Ernst Schügerl;;;;;ja;ja;;;1;47.8408066;16.259150502684875
Bundesimmobilienges.m.b.H.OM - Team Niederösterreich Süd;2700;Wiener Neustadt;Burgplatz 2;;;Sonstiges (Schulen, öffentl. Einrichtungen, …);Niederösterreich;Ernst Schügerl;;;;;ja;ja;;;1;47.81017715;16.244375921879588
Müller & Trampitsch OHG;2700;Wiener Neustadt;Bahngasse 5;;;Sonstiges (Schulen, öffentl. Einrichtungen, …);Niederösterreich;Ernst Schügerl;;;;;ja;ja;;;1;47.81053885;16.242696694122515
"NÖ Landesregierung
Waldschule Wr. Neustadt";2700;Wiener Neustadt;Im Föhrenwald 3;;https://www.waldschule-wrneustadt.ac.at/;Sonstiges (Schulen, öffentl. Einrichtungen, …);Niederösterreich;Ernst Schügerl;;;;;ja;ja;;;1;47.7671573435833;16.192454623587900
WEG-2824-Schlossparkp.a. Müller & Trampitsch OHG;2700;Wiener Neustadt;Bahngasse 5;;;Sonstiges (Schulen, öffentl. Einrichtungen, …);Niederösterreich;Ernst Schügerl;;;;;ja;ja;;;1;47.81053885;16.242696694122515
Würflacher Wellnesswelt;2732;Würflach;Willendorferstrasse 150;;;Sonstiges (Schulen, öffentl. Einrichtungen, …);Niederösterreich;Ernst Schügerl;;;;;ja;ja;;;1;47.7772027;16.0548411
Freibad Grünbach am Schneeberg;2733;Grünbach am Schneeberg;Badstraße 1;;;Freibad;Niederösterreich;Gerald Jagschitz;;;;;ja;ja;;;1;47.79530525;15.98916690559474
Schwimmbad Grünbach;2733;Grünbach am Schneeberg  ;Badstraße 7;;;Freibad;Niederösterreich;Gerald Jagschitz;;;;;ja;ja;;;1;47.7922417;15.991391169299067
Forellenhof;2734;Puchberg am Schneeberg;Losenheimstr.132;;;Hotelanlage;Niederösterreich;Gerald Jagschitz;ja;;;;ja;ja;;;1;47.790899;15.843056
Freibad Puchberg am Schneeberg;2734;Puchberg am Schneeberg  ;Sticklergasse 3;;;Freibad;Niederösterreich;Gerald Jagschitz;;;;;ja;ja;;;1;47.78879395;15.911550996236853
Wanzenböck  Forellenhof;2734;Puchberg am Schneeberg;Losenheimer Straße 132;;https://www.forellenhof-puchberg.at/;Hotelanlage;Niederösterreich;Gerald Jagschitz;;;;;ja;ja;;;1;47.7911534;15.843165306828496
WohlfühlhotelASK Investment GMBH;2734;Puchberg am Schneeberg;Paradiesweg 4;;;Hotelanlage;Niederösterreich;Gerald Jagschitz;;;;;ja;ja;;;1;47.790835200000004;15.906825893292483
Waldbad Markt Piesting;2753;Markt Piesting   ;Bocksbachgasse 13;;;Freibad;Niederösterreich;Ernst Schügerl;;;;;ja;ja;;;1;47.8688243;16.130628034995546
Freibad Waidmannsfeld;2763;Neusiedl    ;Badgasse 1;;;Freibad;Niederösterreich;Gerald Jagschitz;;;;;ja;ja;;;1;47.89213895;15.964657905510807
Freibad Gutenstein;2770;Gutenstein    ;Hauptstrasse 86;;;Freibad;Niederösterreich;Gerald Jagschitz;;;;;ja;ja;;;1;47.8764507;15.894931719682104
Therme Linsberg Asia;2822;Bad Erlach   ;Thermenplatz 1;;https://www.linsbergasia.at/;Therme;Niederösterreich;Ernst Schügerl;;;;;ja;ja;;;1;47.733357;16.204082
Schlossbad Pitten;2823;Pitten    ;Obere Feldstraße;;;Freibad;Niederösterreich;Ernst Schügerl;;;;;ja;ja;;;1;47.715326509865726;16.179918434247774
Parkbad Seebenstein;2824;Seebenstein    ;Schlossweg 20;;;Freibad;Niederösterreich;Ernst Schügerl;;;;;ja;ja;;;1;47.69695795;16.140915170594326
Sauna und Hallenbad Scheiblingkirchen;2831;Scheiblingkirchen    ;Badgasse 100;;;Hallenbad;Niederösterreich;Gerald Jagschitz;;;;;ja;ja;;;1;47.6565653;16.13279442402681
Marktgemeinde Edlitz;2842;Edlitz;Markt 10;;;Freibad;Niederösterreich;Ernst Schügerl;;;;;ja;ja;;;1;47.597901;16.141145
Blochberger Eisproduktion GmbH;2851;Krumbach;Königsegg 25;;;Sonstiges (Schulen, öffentl. Einrichtungen, …);Niederösterreich;Gerald Jagschitz;;;;;ja;ja;;;1;47.5326594;16.1549729162953
Freibad Feistritz am Wechsel;2873;Feistritz am Wechsel;Feistritz am Wechsel 145;;;Freibad;Niederösterreich;Gerald Jagschitz;;;;;ja;ja;;;1;47.59948885;16.05150295
Marktgemeinde Kirchberg am Wechsel;2880;Kirchberg am Wechsel;Markt 63;;;;Niederösterreich;Gerald Jagschitz;;;;;ja;ja;;;1;47.608987;15.990446
Schwimmbad Kirchberg am Wechsel;2880;Kirchberg am Wechsel;Markt 264;;;Freibad;Niederösterreich;Gerald Jagschitz;;;;;ja;ja;;;1;47.605383;15.99665
Mesonic Services GmbH;3001;Mauerbach;Herzog Friedrich-Platz 2;;;Sonstiges (Schulen, öffentl. Einrichtungen, …);Niederösterreich;Gerald Jagschitz;;;;;ja;ja;;;1;48.24925185566017;16.166887685883815
Schlosspark Mauerbach;3001;Mauerbach;Herzog Friedrich-Platz 1;;;Hotelanlage;Niederösterreich;Gerald Jagschitz;;;;;ja;ja;;;1;48.2487706;16.165613285648725
Bungalow Club;3002;Purkersdorf;Wintergasse 121;;;Hotelanlage;Niederösterreich;Gerald Jagschitz;;;;;ja ;ja;;;1;48.206807999999995;16.200252802233514
Wienerwaldbad Purkersdorf;3002;Purkersdorf    ;Fürstenberggasse 9;;;Freibad;Niederösterreich;Gerald Jagschitz;;;;;ja;ja;;;1;48.20299205;16.172291939709638
Strandbad Pressbaum;3021;Pressbaum;Uferzeile 24;;;Freibad;Niederösterreich;Gerald Jagschitz;;;;;ja;ja;;;1;48.183481650000004;16.096806245617746
Wienerwaldbad – Erlebnisbad;3032;Eichgraben    ;Finsterleitenstraße 7;;;Freibad;Niederösterreich;noch keine Zuordnung;;;;;ja;ja;;;1;48.183851;15.98199
Freibad Altlengbach;3033;Altlengbach    ;Badgasse 11;;;Freibad;Niederösterreich;Gerald Jagschitz;;;;;ja;ja;;;1;48.152841449738894;15.928798263449348
Steinberger;3033;Altlengbach ;Hauptstrasse 28;;https://www.hotel-steinberger.at/;Hotelanlage;Niederösterreich;Gerald Jagschitz;;;;;ja;ja;;;1;48.154114;15.919883
Wallner Handel undAbfallverwertungs GmbH;3033;Altlengbach ;Furthbauergasse 2, Stiege 1 Tür 1;;;Sonstiges (Schulen, öffentl. Einrichtungen, …);Niederösterreich;Gerald Jagschitz;;;;;ja;ja;;;1;48.152926;15.910443
Freibad Neulengbach;3040;Neulengbach    ;Badstraße 180;;;Freibad;Niederösterreich;Gerald Jagschitz;;;;;ja;ja;;;1;48.19162738482254;15.900021853897277
Aquacity St. Pölten;3100;St. Pölten   ;Schießstattring 15;;;Hallenbad;Niederösterreich;Alexander Plöchl;;;;;ja;ja;;;1;48.2052367;15.619851404159796
Citysplash St. Pölten;3100;St. Pölten   ;Handel-Mazzetti-Straße 2;;;Freibad;Niederösterreich;Alexander Plöchl;;;;;ja;ja;;;1;48.1955286;15.627119318113845
Ratzersdorfer Badesee bei St. Pölten;3100;St. Pölten   ;Bimbo Binder Promenade 15;;;Naturbadeanlage;Niederösterreich;Alexander Plöchl;;;;;ja;ja;;;1;48.22466415;15.659415864380215
Bundesimmobliengesellschaft m.b.H.OM Team NÖ West;3109;St. Pölten   ;Niederösterreicherring 2/Haus B;;;Sonstiges (Schulen, öffentl. Einrichtungen, …);Niederösterreich;Alexander Plöchl;;;;;ja;ja;;;1;48.208968;15.628799
Waldbad Oberwölbling;3124;Oberwölbling    ;Waldbadstraße 27;;;Freibad;Niederösterreich;Alexander Plöchl;;;;;ja;ja;;;1;48.322413100000006;15.582183815475235
Neue Mittelschulgemeinde Herzogenburg;3130;Herzogenburg    ;Rathausplatz 8;;;Sonstiges (Schulen, öffentl. Einrichtungen, …);Niederösterreich;Alexander Plöchl;;;;;ja;ja;;;1;48.2853375;15.694655327709954
M.R.W. Betriebs GmbH;3161;St. Veit an derGölsen;Bauhofstraße 2;;;Sonstiges (Schulen, öffentl. Einrichtungen, …);Niederösterreich;Gerald Jagschitz;;;;;ja;ja;;;1;48.04591;15.659682
Stadtbad Hainfeld;3170;Hainfeld    ;Badpromenade 27;;;Freibad;Niederösterreich;Alexander Plöchl;;;;;ja;ja;;;1;48.03484965;15.775881474452381
Freibad Hohenberg;3192;Hohenberg;Badweg  7;;;Freibad;Niederösterreich;Alexander Plöchl;;;;;ja;ja;;;1;47.9101745;15.623263875
Erlauftalbad;3251;Purgstall an der Erlauf;Graf-Schaffgotsch-Gasse 2;;;Freibad;Niederösterreich;Alexander Plöchl;;;;;ja;ja;;;1;48.0600687;15.134163319475231
Naturbad Amstetten;3300;Amstetten    ;Stadionstraße 12;;;Frei- & Hallenbad;Niederösterreich;Alexander Plöchl;;;;;ja;ja;;;1;48.116277;14.878657835722965
Rehabilitationszentrum Weyer der PVAAdministrative Verwaltung;3335;Weyer;Mühlein 2;;;Sonstiges (Schulen, öffentl. Einrichtungen, …);Niederösterreich;Alexander Plöchl;;;;;ja;ja;;;1;47.857675;14.682573
Parkbad Waidhofen an der Ybbs;3340;Waidhofen an der Ybbs ;Urltalstraße 4;;;Freibad;Niederösterreich;Alexander Plöchl;;;;;ja;ja;;;1;47.9641123;14.7748186
Schloss an der Eisenstrasse;3340;Waidhofen an der Ybbs;Am Schloßplatz 1;;https://www.schlosseisenstrasse.at/;Hotelanlage;Niederösterreich;Alexander Plöchl;;;;;ja;ja;;;1;47.962731;14.775475
Freibad Ybbsitz;3341;Ybbsitz    ;Am Wöhr 2;;;Freibad;Niederösterreich;Alexander Plöchl;;;;;ja;ja;;;1;47.946431;14.886425
Ybbstaler Solebad;3345;Göstling an der Ybbs ;Oberkogelsbach 21;;https://www.ybbstaler-solebad.at/;Therme;Niederösterreich;Alexander Plöchl;;;;;ja;ja;;;1;47.810066;14.934935
Freibad Aschbach-Markt;3361;Aschbach-Markt;Badstraße 5;;;Freibad;Niederösterreich;Alexander Plöchl;;;;;ja;ja;;;1;48.071666449999995;14.749097699999997
Hotel Kothmühle GmbH Herr Scheiblauer;3364;Neuhofen an der Ybbs;Kothmühle 1;;https://www.kothmuehle.at/;Hotelanlage;Niederösterreich;Alexander Plöchl;ja;;;;ja;ja;;;1;48.05711;14.895566
Sportstätten Klosterneuburg GmbHHappyland;3400;Klosterneuburg;In der Au;;;Hallenbad;Niederösterreich;Gerald Jagschitz;;;;;ja;ja;;;1;48.309182849342804;16.333004163797575
Stadtgemeinde KlosterneuburgGA I/2 Strandbad Klosterneub.;3400;Klosterneuburg;Rathausplatz 1;;;Sonstiges (Schulen, öffentl. Einrichtungen, …);Niederösterreich;Gerald Jagschitz;;;;;ja;ja;;;1;48.3047791;16.3255948
Strandbad/ Freibad Klosterneuburg;3400;Klosterneuburg    ;Stranbadstraße 16;;;Naturbadeanlage Plus;Niederösterreich;Gerald Jagschitz;;;;;ja;ja;;;1;48.30499;16.323756
Wohnungseigentümerschaftz.Hr.DI Bernhard;3400;Klosterneuburg;Wagnergasse 15;;;Sonstiges (Schulen, öffentl. Einrichtungen, …);Niederösterreich;Gerald Jagschitz;;;;;ja;ja;;;1;48.31887225;16.307419704401994
Freibad Königstetten;3433;Königstetten    ;Wiener Straße 82;;;Freibad;Niederösterreich;Alexander Plöchl;;;;;ja;ja;;;1;48.304964;16.156812
Hallenbad, Sauna Zwentendorf;3435;Zwentendorf an der Donau ;Goetheplatz 2;vorübergehend geschlossen;;Hallenbad;Niederösterreich;noch keine Zuordnung;;;;;ja;ja;;;1;48.344959;15.911183
Gesundheitseinrichtung Sitzenberg-Reidling;3454;Sitzenberg-Reidling;Gesundheitsplatz 1;;;Sonstiges (Schulen, öffentl. Einrichtungen, …);Niederösterreich;Alexander Plöchl;;;;;ja;ja;;;1;48.31636565;15.802560022912314
Erlebnisbad Absdorf;3462;Absdorf    ;Badstraße 4;;;Freibad;Niederösterreich;Gerald Jagschitz;;;;;ja;ja;;;1;48.403138;15.984386
Neue Mittelschulgemeinde Grafenegg;3492;Etsdorf;Hauptstraße 29;;;Sonstiges (Schulen, öffentl. Einrichtungen, …);Niederösterreich;Alexander Plöchl;;;;;ja;ja;;;1;48.45042245;15.730254666577796
NÖ Landesgesundheitsagenturp.A. Universitätsklinikum Krems;3500;Krems an der Donau;Mitterweg 10;;;Sonstiges (Schulen, öffentl. Einrichtungen, …);Niederösterreich;Alexander Plöchl;;;;;ja;ja;;;1;48.41202845;15.615587936304662
Marktgemeinde Gars am Kamp;3571;Gars am Kamp;Hauptplatz 82;;;Sonstiges (Schulen, öffentl. Einrichtungen, …);Niederösterreich;Alexander Plöchl;;;;;ja;ja;;;1;48.59713955;15.659824254812833
Freibad Großweikersdorf;3701;Großweikersdorf    ;Sportzentrum 1;;;Freibad;Niederösterreich;Alexander Plöchl;;;;;ja;ja;;;1;48.477502;15.977642
Freibad Ziersdorf;3710;Ziersdorf;Parkgasse 503/2;;;Freibad;Niederösterreich;Alexander Plöchl;;;;;ja;ja;;;1;48.52686569232336;15.933142535995044
Freibad Eggenburg;3730;Eggenburg    ;Bahnallee 22;;;Freibad;Niederösterreich;Alexander Plöchl;;;;;ja;ja;;;1;48.63948905;15.806683720062825
Sonnenwaldbad Pulkau;3741;Pulkau;Pulkautal;;;Freibad;Niederösterreich;Alexander Plöchl;;;;;ja;ja;;;1;48.7064297;15.8430013
Linz Service GmbHPostfach 6009;4021;Linz;Wiener Strasse 51;;;Sonstiges (Schulen, öffentl. Einrichtungen, …);Oberösterreich;Petra Freilinger ;;;;;ja;ja;;;1;48.289223;14.2987343
Österreichische GesundheitskasseLandesstelle OÖ, BFMB;4021;Linz;Postfach 61;;;Sonstiges (Schulen, öffentl. Einrichtungen, …);Oberösterreich;Petra Freilinger ;;;;;ja;ja;;;1;48.30824;14.27554
Caritas OberösterreichInfrastruktur;4060;Leonding;St. Isidor 16;;;Sonstiges (Schulen, öffentl. Einrichtungen, …);Oberösterreich;Petra Freilinger ;;;;;ja;ja;;;1;48.264588;14.266836
Leonding Freibad;4060;Leonding;Limesstraße 10a;;;Freibad;Oberösterreich;Petra Freilinger ;;;;;ja;ja;;;1;48.2674758;14.25180560301779
Waldbad Pasching;4061;Pasching;Poststraße 4;;;Freibad;Oberösterreich;Petra Freilinger ;;;;;ja;ja;;;1;48.24044;14.234411
Hotel Weiß GmbH ;4143;Neustift;Püreth 5;;;Hotelanlage;Tirol;Alexander Plöchl;ja;;;;ja;ja;;;1;48.27896;15.55158
Erlebnisbad AquaRo;4150;Rohrbach-Berg;Hopfengasse 13;;;Freibad;Oberösterreich;Alexander Plöchl;;;;ja;ja;ja;;;1;48.5680166;13.990659670148979
Kinder- Reha Rohrbach-Berg GmbH ;4150;Rohrbach-Berg;Krankenhausstraße 5;;;Sonstiges (Schulen, öffentl. Einrichtungen, …);Oberösterreich;Alexander Plöchl;ja;;;;ja;ja;;;1;48.57045325;13.98523230229828
RasenBallsport Leipzig GmbH;4177;Leipzig;Arenablick 1;;;Sonstiges (Schulen, öffentl. Einrichtungen, …);DE;Petra Freilinger ;;;;;ja;ja;;;1;51.3420099471833;12.340872172941086
Freibad Neumarkt im Mühlkreis;4212;Neumarkt im Mühlkreis;Horneburgstraße 28;;;Freibad;Oberösterreich;Alexander Plöchl;;;;;ja;ja;;;1;48.4252631;14.485540100000001
"Freibadanlage ""Aquarella""";4222;Sankt Georgen an der Gusen;In der Au 19;;;Freibad;Oberösterreich;Alexander Plöchl;;;;;ja;ja;;;1;48.277704299999996;14.447506828893781
Hotel Freigold GmbH;4240;Freistadt;Am Stieranger 4;;;Hotelanlage;Oberösterreich;Alexander Plöchl;;;;;ja;ja;;;1;48.506752;14.501055
Erlebnis-Freibad Enns;4470;Enns;Födermayrstrasse 4;;;Freibad;Oberösterreich;Petra Freilinger ;;;;;ja;ja;;;1;48.2126594;14.474484994109442
Stadtgemeinde Enns;4470;Enns;Hauptplatz 11;;;Sonstiges (Schulen, öffentl. Einrichtungen, …);Oberösterreich;Alexander Plöchl;;;;;ja;ja;;;1;48.2146649;14.4797659
Familien- und Erlebnisbad Leonstein;4592;Leonstein;Badstraße 25;;;Freibad;Oberösterreich;noch keine Zuordnung;;;;;ja;ja;;;1;47.8958207;14.227428749999998
OptimaMedGesundheitsresort Bad Wimsbach GmbH;4654;Bad Wimsbach-Neydharti;Neydharting 4;;;Sonstiges (Schulen, öffentl. Einrichtungen, …);Oberösterreich;Petra Freilinger ;;;;;ja;ja;;;1;48.052122;13.882716
Seniorenheim der Stadtgemeinde Laakirchen;4663;Laakirchen;Wolfstraße 3;;;Sonstiges (Schulen, öffentl. Einrichtungen, …);Oberösterreich;Petra Freilinger ;;;;;ja;ja;;;1;47.982881;13.821093
Schwimmbad;4690;Schwanenstadt;Salzburgerstraße 23;;;Freibad;Oberösterreich;Petra Freilinger ;;;;;ja;ja;;;1;48.05201635;13.768366450000006
Pöttinger Installations GmbH;4710;Grieskirchen;Rossmarkt 23;;;Sonstiges (Schulen, öffentl. Einrichtungen, …);Oberösterreich;Petra Freilinger ;;;;;ja;ja;;;1;48.2340441;13.8301972
Freibad Andorf;4770;Andorf;Hans-Holz-Straße 3;;;Freibad;Oberösterreich;Petra Freilinger ;;;;;ja;ja;;;1;48.37379905;13.57382404779774
OÖ Gesundheitsholding GmbHKlinikum Schärding;4780;Schärding;Alfred-Kubin-Straße 2;;;Sonstiges (Schulen, öffentl. Einrichtungen, …);Oberösterreich;Petra Freilinger ;;;;;ja;ja;;;1;48.45526595;13.435665053433478
Stadtbad Schärding;4780;Schärding;Kenzianweg 6;;;Freibad;Oberösterreich;Petra Freilinger ;;;;;ja;ja;;;1;48.4527048;13.434079495833334
Hallenbad und Sauna Ebensee;4802;Ebensee;Hauptstraße 34;;;Hallenbad;Oberösterreich;Petra Freilinger ;;;;;ja;ja;;;1;47.812353;13.774198
HKSKA Bad Ischl Betriebs GmbH;4820;Bad Ischl;Gartenstraße 9;;;Sonstiges (Schulen, öffentl. Einrichtungen, …);Oberösterreich;Petra Freilinger ;;;;;ja;ja;;;1;47.7102779;13.613955144850816
Oberösterreichische Gesundheitsholding GmbHSalzkammergut-Klinikum Bad Ischl;4820;Bad Ischl;Dr. Mayer-Straße 8-10;;;Sonstiges (Schulen, öffentl. Einrichtungen, …);Oberösterreich;Petra Freilinger ;;;;;ja;ja;;;1;47.706134950000006;13.624285836812893
ÖGK- OberösterreichGesundheitszentrum Tisserand;4820;Bad Ischl;Kaltenbachstrasse 31;;;Sonstiges (Schulen, öffentl. Einrichtungen, …);Oberösterreich;Petra Freilinger ;;;;;ja;ja;;;1;47.7017319;13.608498427798983
Pensionsversicherungsanstalt (PVA)SKA-RZ Bad Ischl;4820;Bad Ischl;Untere Lindaustrasse 44;;;Sonstiges (Schulen, öffentl. Einrichtungen, …);Oberösterreich;Petra Freilinger ;;;;;ja;ja;;;1;47.715646050000004;13.581397426473785
 KB Ampflwang Management GmbH Aldiana Club Ampflwang;4843;Ampflwang im Hausruckwald;Wömansedt 1;;;Hotelanlage;Oberösterreich;Petra Freilinger ;ja;;;;ja;ja;;;1;48.091327;13.566083
Freibad Oberwang;4882;Oberwang bei Mondsee;Oberwang 90;;;Freibad;Oberösterreich;Petra Freilinger ;;;;;ja;ja;;;1;47.865609;13.434197
Freibad Waldzell;4924;Waldzell;Waldzell Hofmark 1;;;Freibad;Oberösterreich;Petra Freilinger ;;;;;ja;ja;;;1;48.135553;13.426758
Schwimmbad Altheim;4950;Altheim;Braunauer Straße 7;;;Freibad;Oberösterreich;Petra Freilinger ;;;;;ja;ja;;;1;48.248696699999996;13.228957314470989
CG Liegenschafts GmbH;4963;St. Peter am Hart;Gewerbestraße 1;;;Sonstiges (Schulen, öffentl. Einrichtungen, …);Oberösterreich;Petra Freilinger ;;;;;ja;ja;;;1;48.2541681;13.078451176240563
Gemeindeamt Aurolzmünster;4971;Aurolzmünster;Schloßstraße 1;;;Freibad;Oberösterreich;Petra Freilinger ;;;;;ja;ja;;;1;48.249760800000004;13.455766155784222
Freibad St.Martin im Innkreis;4973;St.Martin im Innkreis;Jenseits 62;;;Freibad;Oberösterreich;Petra Freilinger ;;;;;ja;ja;;;1;48.293163050000004;13.44272448758371
Salzburg AG für Energie,Verkehr und Telekommunikation;5020;Salzburg;Bayerhamerstraße 16;;;Sonstiges (Schulen, öffentl. Einrichtungen, …);Salzburg;Petra Freilinger ;;;;;ja;ja;;;1;47.811521299999995;13.051240989058018
FC Red Bull Salzburg GmbHz.Hd. Hr. Dreweckyj;5071;Wals;Stadionstraße 2/3;;;Sonstiges (Schulen, öffentl. Einrichtungen, …);Salzburg;Petra Freilinger ;;;;;ja;ja;;;1;47.817262;12.996315
PensionsversicherungsanstaltSKA-RZ Großgmain;5084; Großgmain;Salzburger Straße 520;;;Sonstiges (Schulen, öffentl. Einrichtungen, …);Salzburg;Petra Freilinger ;;;;;ja;ja;;;1;47.728462;12.918415
Marktgemeindeamt Ostermiething;5121;Ostermiething;Bergstraße 30;;;Freibad;Salzburg;Petra Freilinger ;;;;;ja;ja;;;1;48.0456863;12.832210098499452
OTN Oberflächentechnik GmbH;5144;St.Georgen/Fillmannsbach;Filmannsbach 25;;;Sonstiges (Schulen, öffentl. Einrichtungen, …);Salzburg;Petra Freilinger ;;;;;ja;ja;;;1;48.1264832;13.0169717
Erlebnisbad-Mattighofen;5230;Mattinghofen;Mattseerstraße 41a;;https://www.mattighofen.at/Erlebnisbad;Freibad ;Oberösterreich;noch keine Zuordnung;;;;;ja;ja;;;1;48.089808;13.149231
OptimaMed RehabilitationszentrumAspach GmbH & Co KG;5252;Aspach;Revitalplatz 1-2;;;Sonstiges (Schulen, öffentl. Einrichtungen, …);Salzburg;Petra Freilinger ;;;;;ja;ja;;;1;48.182848699999994;13.301276030040066
Freibad Mauerkirchen;5270;Mauerkirchen;Badstraße 21;;;Freibad;Salzburg;Petra Freilinger ;;;;;ja;ja;;;1;48.186496;13.121541
Braunauer Erlebnisfreibad;5280;Braunau am Inn;Auf der Haiden 80;;;Freibad;Oberösterreich;Petra Freilinger ;;;;;ja;ja;;;1;48.24901315;13.045551356106921
Erlebnis-Freibad - Hallenbad & Sauna;5280;Braunau am Inn;Auf der Haiden 80;;;Frei- & Hallenbad;Oberösterreich;Petra Freilinger ;;;;;ja;ja;;;1;48.24901315;13.045551356106921
Management & Service St. Josef GmbHTechnischer Servicebereich;5280;Braunau am Inn;Ringstraße 60;;;Sonstiges (Schulen, öffentl. Einrichtungen, …);Oberösterreich;Petra Freilinger ;;;;;ja;ja;;;1;48.2559762;13.032885110869564
AMAG service GmbH;5282;Ranshofen;Lamprechtshausener Straße 61;;;Sonstiges (Schulen, öffentl. Einrichtungen, …);Salzburg;Petra Freilinger ;;;;;ja;ja;;;1;48.2251819;13.0277201
Kymera InternationalMepura Metallpulvergesellschaft mbH;5282;Ranshofen;Lachforst 2;;;Sonstiges (Schulen, öffentl. Einrichtungen, …);Salzburg;Petra Freilinger ;;;;;ja;ja;;;1;48.217783600000004;13.0323541937425
Wassergenossenschaft FaistenauObmann Herr Franz Klaushofer;5324; Faistenau;Lohstrasse 52;;;Sonstiges (Schulen, öffentl. Einrichtungen, …);Salzburg;Petra Freilinger ;;;;;ja;ja;;;1;47.772301;13.241861
Salzburg Sport GmbHz.Hd. Herrn Vogl;5330; Fuschl am See;Am Brunnen 1;;;Sonstiges (Schulen, öffentl. Einrichtungen, …);Salzburg;Petra Freilinger ;;;;;ja;ja;;;1;47.791356;13.295657
Universitäts- undLandessportzentrum Salzburg/Rif;5400; Hallein;Hartmannweg 4-6;;;Sonstiges (Schulen, öffentl. Einrichtungen, …);Salzburg;Petra Freilinger ;;;;;ja;ja;;;1;47.7218589;13.0679547
OptimaMed Gesundheitsresort St.Josef GmbH;5422;Bad Dürnberg;Hellstraße 1;;;Sonstiges (Schulen, öffentl. Einrichtungen, …);Salzburg;Petra Freilinger ;;;;;ja;ja;;;1;47.664079;13.090336
Gemeinde St. Koloman;5423;St. Koloman;Am Dorfplatz 29;;;Sonstiges (Schulen, öffentl. Einrichtungen, …);Salzburg;Petra Freilinger ;;;;;ja;ja;;;1;47.6422637;13.2039707
Marktgemeinde Golling /Aqua Salza;5440;Golling;Markt 80;;;Hallenbad;Salzburg;Petra Freilinger ;;;;;ja;ja;;;1;47.596335;13.166966
Mühlbach am Hochkönig Clubhotel GmbH;5505; Mühlbach am Hochkönig;Mühlbach am Hochkönig 425;;;Hotelanlage;Salzburg;Petra Freilinger ;ja;;;;ja;ja;;;1;47.3810319;13.1159584
Hotel Winterbauer GmbH ;5542; Flachau;Am Feuersang 28;;;Hotelanlage;Salzburg;Petra Freilinger ;ja;;;;ja;ja;;;1;47.372352;13.407335
Hotel Gut Weissenhof ;5550; Radstadt;Weissenhof 6;;;Hotelanlage;Salzburg;Petra Freilinger ;ja;;;;ja;ja;;;1;47.37591;13.472051
Hotel Lürzerhof GmbH ;5561;Untertauern;Dorfstraße 23;;;Hotelanlage;Salzburg;Petra Freilinger ;ja;;;;ja;ja;;;1;47.302908;13.50702
Appartements Knappensteig GmbH;5602; Wagrain;Karl-Heinrich-Waggerl-Straße 42;;;Hotelanlage;Salzburg;Petra Freilinger ;;;;;ja;ja;;;1;47.335191;13.304847
Ing.Wilhelm Hutz GmbH & Co.KGHeizung-Sanitär-Lüftung-Solar-Bäderstudio;5602; Wagrain;Martk 47;;;Sonstiges (Schulen, öffentl. Einrichtungen, …);Salzburg;Petra Freilinger ;;;;;ja;ja;;;1;47.3336293;13.3031532
Sporthotel Wagrain ;5602; Wagrain;Hofmark 9;;;Hotelanlage;Salzburg;Petra Freilinger ;ja;;;;ja;ja;;;1;47.32753;13.302299
Moar Gut 5* Hotel GmbH ;5611; Großarl;Moargasse 22;;;Hotelanlage;Salzburg;Petra Freilinger ;ja;;;;ja;ja;;;1;47.213423;13.193623
Palace Gastein Hotel Betriebsges.m.b.H.;5630; Bad Hofgastein;Alexander Moser Allee 13;;;Hotelanlage;Salzburg;Petra Freilinger ;;;;;ja;ja;;;1;47.16743;13.10816
Felsentherme Gastein;5640; Bad Gastein;Bahnhofplatz 5;;https://www.felsentherme.com/;Therme;Salzburg;Petra Freilinger ;;;;;ja;ja;;;1;47.110925;13.133786
Hapimag AG ;5640; Bad Gastein;Kaiserhofstrasse 6;;;Hotelanlage;Salzburg;Petra Freilinger ;ja;;;;ja;ja;;;1;47.120328;13.140778
PensionsversicherungsanstaltRZ Saalfelden;5760; Saalfelden am Steinernen Meer;Thorerstraße 26;;;Sonstiges (Schulen, öffentl. Einrichtungen, …);Salzburg;Petra Freilinger ;;;;;ja;ja;;;1;47.420206;12.840397
OptimaMedRehabilitationszentrum Wiesing GmbH;6210;Wiesing;Lassallestraße 7a/Unit 4/Top8;;;Sonstiges (Schulen, öffentl. Einrichtungen, …);Tirol;Petra Freilinger ;;;;;ja;ja;;;1;47.4046346;11.7985577
HPE Real Estate GmbH;6365;Kirchberg in Tirol;Waldschützweg 3;;;Sonstiges (Schulen, öffentl. Einrichtungen, …);Tirol;Ernst Schügerl;;;;;ja;ja;;;1;47.4547605;12.3061009
Suworow GmbH;6380;St. Johann in Tirol;Kirchanger 4;;;Sonstiges (Schulen, öffentl. Einrichtungen, …);Tirol;Petra Freilinger ;;;;;ja;ja;;;1;47.5224141;12.4286809
TELFER BAD BETRIEBS GMBH & CO KG;6410;Telfs;Weißenbachgasse 17;;;Hallenbad;Tirol;Petra Freilinger ;;;;;ja;ja;;;1;47.30498645;11.068668219059633
Puitalm Betriebs GmbHNatur Apart Hotel;6471;Arzl im Pitztal;Plattenrain 1;;;Hotelanlage;Tirol;Petra Freilinger ;;;;;ja;ja;;;1;47.199208150000004;10.736510277765696
Hubert Rietzler GmbH & Co KG Gartenhotel Linde;6531;Ried im Oberinntal;Haus Nr.80;;;Hotelanlage;Tirol;Petra Freilinger ;ja;;;;ja;ja;;;1;47.0541125;10.6523182
Silvretta Therme Ischgl;6561;Ischgl;Brandweg 2;;https://www.silvrettatherme.at/de;Hallenbad;Tirol;Petra Freilinger ;;;;;ja;ja;;;1;47.0134337;10.28884231784056
Erholungszentrum Rheinauen;6845;Hohenems;Rheinauen 2;;;Freibad;Vorarlberg;Petra Freilinger ;;;;;ja;ja;;;1;47.3670989;9.65253048374814
Freibad Siegendorf;7011;Siegendorf;Badgasse 4;;;Freibad;Burgenland;Gerald Jagschitz;;;;;ja;ja;;;1;47.78498405;16.547417067833162
Freibad Loipersbach im Burgenland;7022;Loipersbach im Burgenland;Badstraße 1;;;Freibad;Burgenland;Gerald Jagschitz;;;;;ja;ja;;;1;47.69717825;16.48061741010071
Freibad Schattendorf;7022;Schattendorf;Pfarrgasse 4;;;Freibad;Burgenland;Gerald Jagschitz;;;;;ja;ja;;;1;47.7090537;16.5154167
Freibad Sigleß;7032;Sigleß;Badstraße 38;;;Freibad;Burgenland;Gerald Jagschitz;;;;;ja;ja;;;1;47.7689808;16.3948644
Freibad Pöttsching;7033;Pöttsching;Hauptstraße 1;;;Freibad;Burgenland;Ernst Schügerl;;;;;ja;ja;;;1;47.806344;16.370309
Gesell.Österreichische KinderdörferKinderdorf Pöttsching;7033;Pöttsching;Kinderdorfstraße 1;;;Sonstiges (Schulen, öffentl. Einrichtungen, …);Burgenland;Ernst Schügerl;;;;;ja;ja;;;1;47.8034089;16.35367950463101
Familypark GmbH;7062;St. Margarethen im Burgenland;Märchenparkweg 1;;;Sonstiges (Schulen, öffentl. Einrichtungen, …);Burgenland;Gerald Jagschitz;;;;;ja;ja;;;1;47.8030761;16.64698538519996
Freibad Oggau;7063;Oggau;Seegasse 5;;;Freibad;Burgenland;Gerald Jagschitz;;;;;ja;ja;;;1;47.834913400000005;16.66773363385269
Seebad Rust;7071;Rust;Ruster Bucht 2;;https://www.seebadrust.at/;Naturbadeanlage Plus;Burgenland;Gerald Jagschitz;;;;;ja;ja;;;1;47.80132345;16.694767104648044
Das Schmidt;7072;Mörbisch am Neusiedler See;Raiffeisenstrasse 8;;https://www.das-schmidt.at/de/;Hotelanlage;Burgenland;Gerald Jagschitz;;;;;ja;ja;;;1;47.334786;15.023417
Freibad Purbach;7083;Purbach;Türkenhain 2;;;Freibad;Burgenland;Gerald Jagschitz;;;;;ja;ja;;;1;47.9084432;16.7050069
SEE.HAUS Weiden Betriebs GmbH;7121;Weiden am See;Triftstraße 12;;;Hotelanlage;Burgenland;Gerald Jagschitz;;;;;ja;ja;;;1;47.9257805;16.8704518
Kurhaus Marienkron GmbH ;7123;Mönchhof;Birkenallee 2;;;Sonstiges (Schulen, öffentl. Einrichtungen, …);Burgenland;Gerald Jagschitz;ja;;;;ja;ja;;;1;47.882350450000004;16.936161844214748
Vila Vita Ferienanlage Pannonia;7152;Pamhagen;Storchengasse 1;;;Hotelanlage;Burgenland;Gerald Jagschitz;;;;;ja;ja;;;1;47.7431032;16.8882277
Sonderkrankenanstalt ZickseeOrthopädisches Klinikum;7161;Sankt Andrä am Zicksee;Otto Pohanka Platz 1;;;Sonstiges (Schulen, öffentl. Einrichtungen, …);Burgenland;Gerald Jagschitz;;;;;ja;ja;;;1;47.7916017;16.9125615
Wega Wassertechnik e.U.;7161;Sankt Andrä am Zicksee;Gartenweg 9;;;Sonstiges (Schulen, öffentl. Einrichtungen, …);Burgenland;Gerald Jagschitz;;;;;ja;ja;;;1;47.78367025;16.946646016543603
Freibad Bad Sauerbrunn;7202;Bad Sauerbrunn;Mattersburgerstraße 27a;;;Freibad;Burgenland;Gerald Jagschitz;;;;;ja;ja;;;1;47.7776602;16.328820656836573
Freibad Mattersburg;7210;Mattersburg;Michael Koch-Straße 56;;;Freibad;Burgenland;Gerald Jagschitz;;;;;ja;ja;;;1;47.73977635;16.408448185817193
Holiday-Fun-Camping;7341;Markt Sankt Martin;Mühlweg 2;;;Sonstiges (Schulen, öffentl. Einrichtungen, …);Burgenland;Gerald Jagschitz;;;;;ja;ja;;;1;47.5635593;16.43867622426635
Freibad Neutal;7343;Neutal;Dankowitschstraße 1;;;Freibad;Burgenland;Gerald Jagschitz;;;;;ja;ja;;;1;47.544010400000005;16.45543151375
Freibad Oberpullendorf;7350;Oberpullendorf;Mühlbachgasse 4;;;Freibad;Burgenland;Gerald Jagschitz;;;;;ja;ja;;;1;47.5034269;16.502815143652054
RED Betriebs GmbH;7361;Lutzmannsburg;Thermenplatz 7;;;Hotelanlage;Burgenland;Gerald Jagschitz;;;;;ja;ja;;;1;47.4666275;16.657914829189984
Hallen- & Freibad Pinkafeld;7423;Pinkafeld;Zum Hallenbad 4;;;Frei- & Hallenbad;Burgenland;Gerald Jagschitz;;;;;ja;ja;;;1;47.3625381;16.12316199277646
Avita Resort ;7431;Bad Tatzmannsdorf;Thermenplatz 1;;https://www.avita.at/;Hotelanlage;Burgenland;Martin Schwab;;;;;ja;ja;03353 89900;;1;47.3366917;16.22354710823055
Freibad Bad Tatzmannsdorf;7431;Bad Tatzmannsdorf;Josef-Hölzel-Allee 7;;;Freibad;Burgenland;Gerald Jagschitz;;;;;ja;ja;;;1;47.33772635;16.22440287636932
Versicherungsanstalt öffentlichBediensteter, Eisenbahnen u.BergbauTherapiezentrum Rosalienhof;7431;Bad Tatzmannsdorf;Am Kurpark 1;;;Sonstiges (Schulen, öffentl. Einrichtungen, …);Burgenland;Gerald Jagschitz;;;;;ja;ja;;;1;47.337171;16.228558
Ratschens Restaurant & Wohnothek GmbH;7474;Deutsch Schützen;Am Ratschen 5;;;Sonstiges (Schulen, öffentl. Einrichtungen, …);Burgenland;Gerald Jagschitz;;;;;ja;ja;;;1;47.1645986;16.4251785
Freibad Güssing;7540;Güssing;Badstraße 9;;;Freibad;Burgenland;Gerald Jagschitz;;;;;ja;ja;;;1;47.0558795;16.3121473
Wassererlebniswelt /Badeteich Moschendorf ;7546;Moschendorf;Wasserwelt 1;;https://www.wassererlebniswelt.at/;Naturbadeanlage;Burgenland;Gerald Jagschitz;;;;;ja;ja;;;1;47.0613589;16.461131750000003
Freibad Heiligenkreuz im Lafnitztal;7561;Heiligenkreuz im Lafnnitztal;Schulgasse 7;;;Freibad;Burgenland;Gerald Jagschitz;;;;;ja;ja;;;1;46.91667;10.98333
Allgemeiner Turnverein Graz (Hallenbad);8010;Graz;Kastellfeldgasse 8;;https://www.atgraz.at/;Sonstiges (Schulen, öffentl. Einrichtungen, …);Steiermark;Martin Schwab;;;;;ja;ja;;;1;47.0645536;15.4474673
Österreichische Gesundheitskasse;8010;Graz;Friedrichgasse 18;;;Sonstiges (Schulen, öffentl. Einrichtungen, …);Steiermark;Martin Schwab;;;;;ja;ja;;;1;47.0648839;15.4364577
Stadt Graz Rathaus 8010 GrazzH GBG Hausverwaltung p.a. Holding Graz GmbH;8010;Graz;Andreas-Hofer-Platz 15;;;Sonstiges (Schulen, öffentl. Einrichtungen, …);Steiermark;Martin Schwab;;;;;ja;ja;;;1;47.0687041;15.4364981
Augartenbad;8020;Graz;Schönaugürtel 1;;;Freibad;Steiermark;Martin Schwab;;;;;ja;ja;"0664/4923152; 0664/1727921";"Hr. Rogatsch Peter; Hr. Jovanic";1;47.0588573;15.43592125365868
AUSTER Sport- und Wellnessbad;8020;Graz;Janzgasse 21;;;Hallenbad;Steiermark;Martin Schwab;;;;;ja;ja;;;1;47.072435999999996;15.39995252808598
Bad zur Sonne;8020;Graz;Feuerbachgasse 11/13;;https://www.spazursonne-graz.at/;Hallenbad;Steiermark;Martin Schwab;;;;;ja;ja;;;1;47.069277400000004;15.43211032782439
Freizeit Graz GmbH;8020;Graz;Janzgasse 21;;;Sonstiges (Schulen, öffentl. Einrichtungen, …);Steiermark;Martin Schwab;;;;;ja;ja;;;1;47.072435999999996;15.39995252808598
JUFA Hotels Österreich GmbH;8020;Graz;Idlhofgasse 74;;;Hotelanlage;Steiermark;Martin Schwab;;;;;ja;ja;;;1;47.06493375;15.422419313948954
Mosaik GmbH;8020;Graz;Wiener Straße 148;;;Sonstiges (Schulen, öffentl. Einrichtungen, …);Steiermark;Martin Schwab;;;;;ja;ja;;;1;47.085143099999996;15.414935659844325
Städtisches Kinderbad Gaswerkstraße;8020;Graz;Gaswerkstraße 7;;;Freibad;Steiermark;Martin Schwab;;;;;ja;ja;;Fr. Ziegler;1;47.06955585;15.403553763733589
ÖGK-SteiermarkTF Bau/Facility Managment Süd;8021;Graz;Postfach 1200;;;Sonstiges (Schulen, öffentl. Einrichtungen, …);Steiermark;Martin Schwab;;;;;ja;ja;;;1;47.0708678;15.4382786
Fräulein Leni GmbH;8041;Graz;Kranach 3;;;Hotelanlage;Steiermark;Martin Schwab;;;;;ja;ja;;;1;47.065852;15.432739
Gesundheitshof JosefhofVersicherungsanstalt öffentlich Bediensteter,Eisenbahnen und Bergbau;8044;Graz;Haideggerweg 38;;;Hotelanlage;Steiermark;Martin Schwab;;;;;ja;ja;;;1;47.127214699999996;15.50038042554596
Ragnitzbad;8047;Graz;Pesendorferweg 7;;https://www.badragnitz.at/;Freibad;Steiermark;Martin Schwab;;;;;ja;ja;;Barbara Zinkl;1;47.077224150000006;15.486804044393384
Well Welt Kumberg;8062;Kumberg;Seeweg 2;;;Naturbadeanlage Plus;Steiermark;Martin Schwab;;;;;ja;ja;;Hr. Bauer;1;47.1592592;15.546113391191174
Freibad Kirchbach;8082;Kirchbach in Steiermark;Kirchbach 229;;;Freibad;Steiermark;Martin Schwab;;;;;ja;ja;;Hr. Trummer;1;46.929836550000005;15.665753097241442
Schwimm- und Erlebnisbad St. Stefan im Rosental;8083;St. Stefan im Rosental;Badstraße 15;;;Freibad;Steiermark;Martin Schwab;;;;;ja;ja;;Hr. Mahler Ewald;1;46.9037073;15.7160108175913
Freibad St. Peter am Ottersbach;8093;St. Peter am Ottersbach;Badweg 255;;;Freibad;Steiermark;Martin Schwab;;;;;ja;ja;;Hr. Leber;1;46.8004592;15.763713188140912
Hallenbad der Marktgemeinde Deutschfeistritz;8121;Deutschfeistritz;Schulgasse 1;;;Hallenbad;Steiermark;Martin Schwab;;;;;ja;ja;;;1;47.19546;15.3376561
Freibad Pernegg;8132;Pernegg an der Mur;Badgasse 1;;;Freibad;Steiermark;Martin Schwab;;;;;ja;ja;;" Hr. Klaus Gerald; Hr. Matzl";1;47.36448455;15.33455888561432
Allg. UnfallversicherungsanstaltRehabilitationsklinik Tobelbad;8144;Tobelbad;Dr.-Georg-Neubauer-Straße 6;;;Sonstiges (Schulen, öffentl. Einrichtungen, …);Steiermark;Martin Schwab;;;;;ja;ja;;;1;46.980193650000004;15.364511731102137
Neue Mittelschule Stallhofen (Hallenbad);8152;Stallhofen;Stallhofen 2;;;Sonstiges (Schulen, öffentl. Einrichtungen, …);Steiermark;Martin Schwab;;;;;ja;ja;; Hr. Tomaschitz;1;47.04989295;15.22136435
Freibad Weiz;8160;Weiz;Dr.-Karl-Widdmann-Straße 99;;;Freibad;Steiermark;Martin Schwab;;;;;ja;ja;;Hr. Bgm. Eggenreich;1;47.22760255;15.618570001586217
Gemeinde Thannhausen;8160;Thannhausen;Thannhausen 1;;;Sonstiges (Schulen, öffentl. Einrichtungen, …);Steiermark;Martin Schwab;;;;;ja;ja;;;1;47.22666405;15.643144959367525
Thannhausen Freibad;8160;Thannhausen;Thannhauser Peesen;;;Naturbadeanlage Plus;Steiermark;Martin Schwab;;;;;ja;ja;;;1;47.232606;15.679262
Freibad Passail;8162;Passail;Untergasse 31;geschlossen;;Freibad;Steiermark;Martin Schwab;;;;;ja;ja;;Hr. Schinnerl;1;47.2776;15.519564
Freibad Puch ;8182;Puch bei Weiz;Puch bei Weiz 100;;;Freibad;Steiermark;Martin Schwab;;;;;ja;ja;;Hr.Kelz;1;47.224767;15.7257485
Reco-Austria.at e.U.;8183;Floing;Floing 130;;;Sonstiges (Schulen, öffentl. Einrichtungen, …);Steiermark;Martin Schwab;;;;;ja;ja;;;1;47.266265700000005;15.738272925534728
Freibad Anger;8184;Anger;Badweg 1;;;Freibad;Steiermark;Martin Schwab;;;;;ja;ja;;Hr. Mauerhofer;1;47.27364905;15.695516322287931
Gleisdorf Wellenbad;8200;Gleisdorf;Feldgasse 27;;;Freibad;Steiermark;Martin Schwab;;;;;ja;ja;;Hr. Pankesegger;1;47.11196475;15.71165388235339
Freibad Vorau;8250;Vorau;Badsiedlung 340;;;Freibad;Steiermark;Martin Schwab;;;;;ja;ja;;Hr. Geier Josef;1;47.406962;15.883453
Freibad Bad Waltersdorf;8271;Bad Waltersdorf;Bad Waltersdorf 253;;;Freibad;Steiermark;Martin Schwab;;;;;ja;ja;;Hr. Bgm. Hauptmann;1;47.1690356;16.012789536219117
Grand Spa Wellnesshotel Betriebs GmbH;8271;Bad Waltersdorf;Bad Waltersdorf 351;;;Hotelanlage;Steiermark;Martin Schwab;;;;;ja;ja;;;1;47.1592281;16.00731669668051
H2O Therme;8271;Bad Waltersdorf;Sebersdorf 300;;https://www.hoteltherme.at/?utm_source=google&utm_medium=Brand&utm_campaign=Google_Brand&utm_content=Knowlegde_graph;Therme;Steiermark;Martin Schwab;;;;;ja;ja;;;1;47.177541;16.000482
Heiltherme Quellenhotel Bad Waltersdorf;8271;Bad Waltersdorf;Thermenstraße 111;;https://www.heiltherme.at/;Therme;Steiermark;Martin Schwab;;;;;ja;ja;;;1;47.167959;16.025642
Hotel Der SteirerhofBad Waltersdorf Betriebs GmbH;8271;Bad Waltersdorf;Wagerberg 125;;;Hotelanlage;Steiermark;Martin Schwab;;;;;ja;ja;;;1;47.168342;16.030333
Freibad Fürstenfeld;8280;Fürstenfeld;Badstraße 1;;;Freibad;Steiermark;Martin Schwab;;;;;ja;ja;;Hr. Rindler;1;47.05625215;16.06888566577767
Schlossbad Burgau;8291;Burgau;Schlossweg 1;;;Naturbadeanlage Plus;Steiermark;Martin Schwab;;;;;ja;ja;;Hr. Krammer;1;47.1451316;16.0989834
Freibad Neudau;8292;Neudau;Badstraße 1;;;Freibad;Steiermark;Martin Schwab;;;;;ja;ja;"03383/3334; 0664/1518855";Hr. Platzer ;1;47.173326349999996;16.10581425430655
Privatklinik LaßnitzhöheElisabeth Nentwig GmbH;8301;Laßnitzhöhe;Miglitzpromenade 18;;;Sonstiges (Schulen, öffentl. Einrichtungen, …);Steiermark;Martin Schwab;;;;;ja;ja;;;1;47.075748149999995;15.577989646783255
Freibad Markt Hartmannsdorf;8311;Markt Hartmannsdorf;Hauptstraße 355;;;Freibad;Steiermark;Martin Schwab;;;;;ja;ja;;Hr. Schnalzer;1;47.051609;15.845879
Hallen- und Freibad Feldbach;8330;Feldbach;Thallerstraße 1;;;Frei- & Hallenbad;Steiermark;Martin Schwab;;;;;ja;ja;;Hr. Hausleitner;1;46.9550095;15.878619
Freibad Paldau;8341;Paldau;Paldau 261;;;Freibad;Steiermark;Martin Schwab;;;;;ja;ja;;Hr. Zach Martin;1;46.94244665;15.79309760377581
Freibad Gnas;8342;Gnas;Burgfeld 148;;;Freibad;Steiermark;Martin Schwab;;;;;ja;ja;;Hr. Bgm. Meixner;1;46.8742452;15.826349
Das Kurhaus Bad Gleichenberg GmbH ;8344;Bad Gleichenberg;Untere Brunnenstraße 36;;;Sonstiges (Schulen, öffentl. Einrichtungen, …);Steiermark;Martin Schwab;ja;;;;ja;ja;;;1;46.873467700000006;15.912538040286547
KLINIKUM Bad Gleichenberg f.Lungen-u. Stoffwechselerkrankungen;8344;Bad Gleichenberg;Schweizereiweg 4;;;Sonstiges (Schulen, öffentl. Einrichtungen, …);Steiermark;Martin Schwab;;;;;ja;ja;;;1;46.8753976;15.913924149039827
Rosenbad Fehring;8350;Fehring;Radkersburgerstraße 19;;;Freibad;Steiermark;Martin Schwab;;;;;ja;ja;;Hr. Gartner;1;46.93262465;16.003236055371865
Freibadanlage Tieschen;8355;Tieschen;Tieschen 119;;;Freibad;Steiermark;Martin Schwab;;;;;ja;ja;;Hr. Wohlkinger;1;46.78706825;15.945185416595034
Freibad Jennersdorf;8380;Jennersdorf;Freizeitzentrum 2;;;Freibad;Burgenland;Gerald Jagschitz;;;;;ja;ja;;;1;46.9439153;16.134483072923167
Freibad Neuhaus am Klausenbach;8385;Neuhaus am Klausenbach;Pfaffengraben 1;;;Freibad;Burgenland;Martin Schwab;;;;;ja;ja;;;1;46.87117365;16.034023045276683
Hallenbad LFV-Steiermark;8403;Lebring;Florianistraße 22;;https://www.lfv.steiermark.at/Home.aspx;Sonstiges (Schulen, öffentl. Einrichtungen, …);Steiermark;Martin Schwab;;;;;ja;ja;;;1;46.851507;15.540289
Hasenwirt GmbH & CoKG;8430;Leibnitz;Frauenbergstraße 58;;;Hotelanlage;Steiermark;Martin Schwab;;;;;ja;ja;;;1;46.76836915;15.518882350469841
Sulmbad;8430;Kaindorf;Sportplatzweg 2;;;Naturbadeanlage;Steiermark;noch keine Zuordnung;;;;;ja;ja;;;1;47.225347;15.911492
Freibad Arnfels;8454;Arnfels;Leutschacher Straße 12;;;Freibad;Steiermark;Martin Schwab;;;;;ja;ja;;;1;46.6759094;15.4062868
Gemeinde Oberhaag;8455;Oberhaag;Oberhaag 200;;;Sonstiges (Schulen, öffentl. Einrichtungen, …);Steiermark;Martin Schwab;;;;;ja;ja;;;1;46.686171;15.333437
Freibad Ehrenhausen;8461;Ehrenhausen an der Weinstraße;Platscherstraße 280;;;Freibad;Steiermark;Martin Schwab;;;;;ja;ja;;Hr. Dominkus;1;46.684189322;15.613302878
Freibad Retznei;8461;Retznei;Retznei 48;;;Freibad;Steiermark;Martin Schwab;;;;;ja;ja;;Hr. Stieger;1;46.73292565;15.568123562062695
Walter Skoff Wein GmbH;8462;Gamlitz;Eckberg 114;;;Sonstiges (Schulen, öffentl. Einrichtungen, …);Steiermark;Martin Schwab;;;;;ja;ja;;;1;46.68648775;15.543853604638848
Weinlandhof GmbHHotel Restaurant Weinlandhof;8462;Gamlitz;;;;Hotelanlage;Steiermark;Martin Schwab;;;;;ja;ja;;;1;46.7213788;15.5533088
Freibad Mureck;8480;Mureck;Austraße 11;;;Freibad;Steiermark;Martin Schwab;;;;;ja;ja;;Fr. Bgm. Sudy;1;46.7041237;15.771908978504314
Hotel Garni ColoraA. Günther Schifter;8490;Bad Radkersburg;Thermenstraße 9;;;Hotelanlage;Steiermark;Martin Schwab;;;;;ja;ja;;;1;46.68910995;15.977388619714112
Assl Seniorenwohnheim GmbH;8501;Lieboch;Packerstrasse 12;;;Sonstiges (Schulen, öffentl. Einrichtungen, …);Steiermark;Martin Schwab;;;;;ja;ja;;;1;46.97176090000001;15.360066206341372
Freibad Stainz;8510;Stainz;Badgasse 27;vorübergehend geschlossen;;Freibad;Steiermark;Martin Schwab;;;;;ja;ja;;Hr. David Kovacs;1;46.895085;15.257484
Neue Mittelschule Stainz (Hallenbad);8510;Stainz;Badgasse 24;;;Sonstiges (Schulen, öffentl. Einrichtungen, …);Steiermark;Martin Schwab;;;;;ja;ja;;Hr. Stelzl;1;46.895231;15.258234
Schwimmbad der Stadtgemeinde Deutschlandsberg;8530;Deutschlandsberg;Glashüttenstraße 3;;;Freibad;Steiermark;Martin Schwab;;;;;ja;ja;;Josef Heinzl;1;46.811718;15.206717
Freibad Eibiswald;8552;Eibiswald;Eibiswald 114;;;Freibad;Steiermark;Martin Schwab;;;;;ja;ja;;Hr. Arnfelser;1;46.6934974;15.253791390250717
Freibad St. Oswald ob Eibiswald;8553;St. Oswald ob Eibiswald;St. Oswald 44/4;;;Freibad;Steiermark;Martin Schwab;;;;;ja;ja;;Hr. Knasz;1;46.705907100000005;15.14257170806723
Freibad Ligist;8563;Ligist;Ligist 138;;;Freibad;Steiermark;Martin Schwab;;;;;ja;ja;;Hr. Wipfler;1;46.9922257;15.2091573
Voitsberg Bauhof;8570;Voitsberg;Lindenhofgasse 1;;;Sonstiges (Schulen, öffentl. Einrichtungen, …);Steiermark;Martin Schwab;;;;;ja;ja;;Hr. Strafner;1;47.04077375;15.151760306588518
Voitsberg Erlebnisbad;8570;Voitsberg;Helmut-Glaser-Straße 4;;;Freibad;Steiermark;Martin Schwab;;;;;ja;ja;0650/9186665;Hr. Stafner;1;47.0451532;15.155214574171303
Schlossbad Bärnbach;8572;Bärnbach;Schlossgasse 6;;https://www.schlossbad-baernbach.at/;Freibad;Steiermark;Martin Schwab;;;;;ja;ja;;Hr. Pichler  ;1;47.0834521;15.126053841549297
Hallen- und Freibad, Sauna Badewonne;8605;Kapfenberg;Johann-Brandl-Gasse 23;;;Frei- & Hallenbad;Steiermark;Martin Schwab;;;;;ja;ja;;;1;47.444581;15.2989893
Pensionsversicherungsanstalt (PVA)SKA-RZ Aflenz;8623;Aflenz;Aflenz Kurort 206;;;Sonstiges (Schulen, öffentl. Einrichtungen, …);Steiermark;Martin Schwab;;;;;ja;ja;;;1;47.54585735;15.244335626683686
 Bade und Saunaspaß im JUFA Sigmundsberg;8630;Sankt Sebastian   ;Sigmundsberg 1;;https://www.jufahotels.com/hotel/mariazell/;Hotelanlage;Steiermark;Martin Schwab;;;;;ja;ja;;;1;47.75637905;15.304308364334673
Freibad Kindberg;8650;Kindberg;August-Musger-Gasse 3;;;Freibad;Steiermark;Martin Schwab;;;;;ja;ja;;Hr. Zinterl;1;47.50755045;15.447324514084865
Erlebnisbad St. Barbara;8662;St. Barbara im Mürztal;Obere Berggasse 40;;;Freibad;Steiermark;Martin Schwab;;;;;ja;ja;;Hr. Höfler;1;47.53025915;15.517323001826243
Hallenbad Veitsch;8663;Veitsch;Badstraße 21;;;Hallenbad;Steiermark;Martin Schwab;;;;;ja;ja;;;1;47.5809551;15.4881901
Hallen- und Freibad Schwimmbad Knittelfeld;8720;Knittelfeld;Parkstraße 63;;;Frei- & Hallenbad;Steiermark;Martin Schwab;;;;;ja;ja;;;1;47.206688099999994;14.817562154224202
Stadtgemeinde Zeltweg;8740;Zeltweg;Hauptplatz 8;;;Sonstiges (Schulen, öffentl. Einrichtungen, …);Steiermark;Martin Schwab;;;;;ja;ja;;;1;47.188507;14.751339
Stadtgemeinde ZeltwegImmobilien GmbH & Co KG;8740;Zeltweg;Hauptplatz 8;;;Sonstiges (Schulen, öffentl. Einrichtungen, …);Steiermark;Martin Schwab;;;;;ja;ja;;;1;47.188507;14.751339
Freibad Weißkirchen in Steiermark;8741;Weißkirchen in Steiermark;Badgasse 8;;;Freibad;Steiermark;Martin Schwab;;;;;ja;ja;;Hr. Strasser ;1;47.152212;14.740269
Erlebnisbad Judenburg;8750;Oberweg;Fichtenhainstraße 3;;;Frei- & Hallenbad;Steiermark;Martin Schwab;;;;;ja;ja;;;1;47.16280575;14.65277547391569
Stadtamt JudenburgAbteilung für Bildung, Kultur, Generationen und Sport;8750;Judenburg;Hauptplatz 1 ;;;Freibad;Steiermark;Martin Schwab;;;;;ja;ja;;;1;47.1687318;14.660436908091896
Alpenbad Mautern;8774;Mautern in Steiermark;Prof.-Wegerer-Weg 7;;;Freibad;Steiermark;Martin Schwab;;;;;ja;ja;;Hedl Günther;1;47.402299600000006;14.826631976055612
Freibad Rottenmann;8786;Rottenmann;Hauptstraße 348;;;Freibad;Steiermark;Martin Schwab;;;;;ja;ja;;;1;47.524594;14.346864
Jagd- und Forstgut in der Strechen;8786;Rottenmann;Hauptstraße 65;;;Sonstiges (Schulen, öffentl. Einrichtungen, …);Steiermark;Martin Schwab;;;;;ja;ja;;;1;47.525164;14.356434
Hallenbad und Freibad Eisenerz;8790;Eisenerz;Hans-von-der-Sann-Straße 24;vorübergehend geschlossen;https://www.eisenerz.at/system/web/gemeindebetrieb.aspx?detailonr=225068973&menuonr=225067834;Hallenbad;Steiermark;Martin Schwab;;;;;ja;ja;;;1;47.543699849999996;14.887359162881364
Hallenbad Trofaiach;8793;Trofaiach;Gößgrabenstraße 17;;;Hallenbad;Steiermark;Martin Schwab;;;;;ja;ja;"0043 3847 211119; 0699/13005155";"Hr. Bgm. Abl, MBA; Hr. Lechmann";1;47.4270446;15.0035288
Scherübel´s Söhne GmbH;8793;Trofaiach;Hauptstraße 49;;;Hotelanlage;Steiermark;Martin Schwab;;;;;ja;ja;;;1;47.425868;15.009353
Trofaiach Freibad;8793;Trofaiach;Badgasse 2;;;Freibad;Steiermark;Martin Schwab;;;;;ja;ja;0699/13005155;"Hr. Bgm. Abl, MBA; Hr. Lechmann";1;47.424117;15.0119979
St. Lambrecht Freibad;8813;St. Lambrecht;Hauptstraße 12;;;Freibad;Steiermark;Martin Schwab;;;;;ja;ja;;Hr. Seidl, Fr. Bali;1;47.0696;14.299423
Naturbad Neumarkt i.d. Steiermark;8820;Neumarkt i.d.S.;Schwimmbadstraße 21;;;Freibad;Steiermark;Martin Schwab;;;;;ja;ja;;Hr. Obermayer;1;47.0746;14.433462
Freibad St. Peter am Kammersberg;8843;St. Peter am Kammersberg;Sankt Peter 35;;;Freibad;Steiermark;Martin Schwab;;;;;ja;ja;;;1;47.18982305;14.18760210439809
WEG Ferienpark KreischbergMag. Vozicky Daniel;8861;St. Georgen am Kreischberg;Ferienpark 100;;;Hotelanlage;Steiermark;Martin Schwab;;;;;ja;ja;;;1;47.10291345;14.086319027962613
Freibad Selzthal;8900;Selzthal;Badgasse 356/1;;;Freibad;Steiermark;Martin Schwab;;;;;ja;ja;;Hr.  Hubmann;1;47.559251200000006;14.3234722
Freibad Hieflau;8920;Hieflau;Kirchbichl 47;;;Freibad;Steiermark;Martin Schwab;;;;;ja;ja;;Hr. Neuhauser;1;47.6072076;14.75097695344278
Freibad Gams;8922;Landl;Gams bei Hieflau 250a;;;Freibad;Steiermark;Martin Schwab;;;;;ja;ja;;;1;47.66736325;14.796892285407527
Marktgemeinde Altenmarkt bei St. Gallen;8934;Altenmarkt;Altenmarkt 2;;;Freibad;Steiermark;Alexander Plöchl;;;;;ja;ja;;;1;47.782264;12.128822
Freibad Pürgg;8951;Stainach-Pürgg;Pürgg 70;;;Freibad;Steiermark;Martin Schwab;;;;;ja;ja;;Hr. Bgm. Schweiger;1;47.5336038;14.0666278
Riesneralm BergbahnenGmbH & Co KG;8953;Donnersbachwald;Donnersbachwald 89;;;Sonstiges (Schulen, öffentl. Einrichtungen, …);Steiermark;Martin Schwab;;;;;ja;ja;;;1;47.375439;14.119485
Freibad St. Martin am Grimming;8954;St. Martin am Grimming;St. Martin am Grimming 46;;;Freibad;Steiermark;Martin Schwab;;;;;ja;ja;;;1;47.488125;13.982539
Freibad Haus im Ennstal;8967;Haus im Ennstal;Badgasse 193;;;Freibad;Steiermark;Martin Schwab;;;;;ja;ja;;Hr. Größinger;1;47.411818049999994;13.766154034936452
Gästehaus Hartweger;8967;Haus im Ennstal;Weißenbach 33;;;Hotelanlage;Steiermark;Martin Schwab;;;;;ja;ja;;;1;47.4223012;13.7803403
WEG Hochstraße 827-829c/o Top Speed Immobilien e.U.;8970;Schladming;Pfarrgasse 23;;;Sonstiges (Schulen, öffentl. Einrichtungen, …);Steiermark;Martin Schwab;;;;;ja;ja;;;1;47.3920434;13.687400341095199
Hotel Annelies GmbHAnja Schrempf;8972;Ramsau am Dachstein;Leiten 214;;;Hotelanlage;Steiermark;Martin Schwab;;;;;ja;ja;;;1;47.413296349999996;13.67856220945422
Hotel LindenhofFamilie Eisl;8972;Ramsau am Dachstein;Ramsau 301;;;Hotelanlage;Steiermark;Martin Schwab;;;;;ja;ja;;;1;47.42776875;13.64388996650041
Renate Eisl Hotel Ennstalerhof e.U.;8972;Ramsau am Dachstein;Leiten 219;;;Hotelanlage;Steiermark;Martin Schwab;;;;;ja;ja;;;1;47.4132029;13.679602428560976
Aldiana Club Hotel Bad Mitterndorf GmbH ;8983;Bad Mitterndorf;Neuhofen 183;;;Hotelanlage;Steiermark;Petra Freilinger ;ja;;;;ja;ja;;;1;47.5457438;13.9293633
OptimaMed Gesundheitsresort Bad Mitterndorf GmbH;8983;Bad Mitterndorf;Neuhofen 108;;;Sonstiges (Schulen, öffentl. Einrichtungen, …);Steiermark;Martin Schwab;;;;;ja;ja;;;1;47.5317499;13.93227185534535
Pensionsversicherungsanstalt (PVA)SKA-RZ Bad Aussee;8990;Bad Aussee;Braungasse 354;;;Sonstiges (Schulen, öffentl. Einrichtungen, …);Steiermark;Martin Schwab;;;;;ja;ja;;;1;47.61022245;13.781830560816672
Aenea Residenzen Betriebs GmbH;9020;Klagenfurt am Wörthersee;Deutenhofenstraße 3;;;Sonstiges (Schulen, öffentl. Einrichtungen, …);Kärnten;Martin Schwab;;;;;ja;ja;;;1;46.6297967;14.2991497
WEG Seevillen Techelsbergp.A. PS Hausverwaltung GmbH;9020;Klagenfurt am Wörthersee;.;;;Sonstiges (Schulen, öffentl. Einrichtungen, …);Kärnten;Martin Schwab;;;;;ja;ja;;;1;46.623943;14.3075976
WEG Töschling 150-154p. A. Wesiak Kärnten Verwaltungs GmbH;9020;Klagenfurt am Wörthersee;Adolf Tschabuschnigg Straße 35;;;Sonstiges (Schulen, öffentl. Einrichtungen, …);Kärnten;Martin Schwab;;;;;ja;ja;;;1;46.6254188;14.2892467
Panoramahotel Balance GmbHAndrea & Karl Grossmann;9210;Pörtschach am Wörthersee;Winklernerstraße 68;;;Hotelanlage;Kärnten;Martin Schwab;;;;;ja;ja;;;1;46.6368108;14.155914651010846
Frei- u. Hallenbad St.Veit an der Glan;9300;St. Veit an der Glan;Kalten Kellerstraße 40;;https://www.sv.or.at/freizeit/sport/sportangebot/hallen-freibad/;Frei- & Hallenbad;Kärnten;noch keine Zuordnung;;;;;ja;ja;;;1;46.76500475;14.378056533396778
OptimaMed Gesundheitsresort Agathenhof GmbH;9322;Micheldorf;Agathenhofstraße 24;;;Sonstiges (Schulen, öffentl. Einrichtungen, …);Kärnten;Martin Schwab;;;;;ja;ja;;;1;46.9172382;14.420371782337504
Freibad Althofen;9330;Althofen;Silbereggerstraße 15-17;;;Freibad;Kärnten;Martin Schwab;;;;;ja;ja;;Hr. Bgm. Dir. Mitterdorfer;1;46.8635066;14.4708568
Terassenbad Klein St. Paul;9373;Klein St. Paul;Badstraße 15;;;Freibad;Kärnten;Martin Schwab;;;;;ja;ja;;;1;46.835166400000006;14.544209449916446
OptimaMed GesundheitsresortWeissenbach GmbH;9412;St. Margarethen im Lavanttal;Weissenbachstraße 111;;;Sonstiges (Schulen, öffentl. Einrichtungen, …);Kärnten;Martin Schwab;;;;;ja;ja;;;1;46.8737837;14.7749852
Gerhart PirkerHotel Marienhof - Standort Reichenau;9462;Bad St. Leonhard ;Kliening 30;;;Sonstiges (Schulen, öffentl. Einrichtungen, …);Kärnten;Gerald Jagschitz;;;;;ja;ja;;;1;46.9552468;14.7798581
OptimaMed GesundheitsresortBad St. Leonhard GmbH;9462;Bad St. Leonhard ;Obdacherstraße 105;;;Sonstiges (Schulen, öffentl. Einrichtungen, …);Kärnten;Martin Schwab;;;;;ja;ja;;;1;46.9646595;14.7878441
Freibad Reichenfels;9463;Reichenfels;St. Peter 85a;;;Freibad;Kärnten;Martin Schwab;;;;;ja;ja;;Hr. Koller;1;47.009764;14.744226
Bad Kleinkirchheimer Bergbahnen AG;9546;Bad Kleinkirchheim;Dorfstrasse 74;;;Sonstiges (Schulen, öffentl. Einrichtungen, …);Kärnten;Martin Schwab;;;;;ja;ja;;;1;46.813789;13.798833
Therme St. Kathrein Betriebs GmbH;9546;Bad Kleinkirchheim;Dorfstraße 47;;https://www.therme-kathrein.at/;Therme;Kärnten;Piazza Leonardo;;;;;ja;ja;;Hr. Jatzkowski;1;46.81330555;13.77896107711212
OptimaMed GesundheitsresortWeißbriach GmbH;9622;Weißbriach;Weißbriach 61;;;Sonstiges (Schulen, öffentl. Einrichtungen, …);Kärnten;Martin Schwab;;;;;ja;ja;;;1;46.6908548;13.251485086730014
Ordination Dr. Martin Kavallar;9631;Jenig;Tröpolach 168;;;Sonstiges (Schulen, öffentl. Einrichtungen, …);Kärnten;Martin Schwab;;;;;ja;ja;;;1;46.61295615;13.281221515635732
Freibad Dellach;9772;Dellach im Drautal;Raßnig 8;;;Freibad;Kärnten;Martin Schwab;;;;;ja;ja;;Hr. Glantschnig;1;46.730716;13.0785397
Schwimmbad Kolbnitz;9815;Kolbnitz;Polan 42;;;Freibad;Kärnten;noch keine Zuordnung;;;;;ja;ja;;;1;46.87863525;13.299071623212704
Rottal Terme;84364;Bad Birnbach , Rottal;Thermalbadstraße 4;;;Therme;DE;Petra Freilinger ;;;;;ja;ja;;;1;48.44041804126540;13.082487212979300
Stadtwerke Burghausen;84489;Burghausen;Tittmoninger Straße 4;;;Frei- & Hallenbad;DE;Petra Freilinger ;;;;;ja;ja;;;1;48.1547388;12.8237918
Stadt Pocking;94060;Pocking;Simbacherstraße 16;;;Sonstiges (Schulen, öffentl. Einrichtungen, …);DE;Petra Freilinger ;;;;;ja;ja;;;1;48.3993629;13.3099974
DAS MÜHLBACH e.K.Familie Freudenstein;94072;Bad Füssing;Bachstrasse 15;;;Hotelanlage;DE;Petra Freilinger ;;;;;ja;ja;;;1;48.34530105;13.309995328094775
JohannesbadHotels Bad Füssing GmbH;94072;Bad Füssing;Johannesstrasse 2;;;Hotelanlage;DE;Petra Freilinger ;;;;;ja;ja;;;1;48.34898995;13.329436863848674
JohannesbadReha-Kliniken GmbH & Co.KG;94072;Bad Füssing;Johannesstrasse 2;;;Sonstiges (Schulen, öffentl. Einrichtungen, …);DE;Petra Freilinger ;;;;;ja;ja;;;1;48.34898995;13.329436863848674
Kurhotel Zink e.K;94072;Bad Füssing;Thermalbadstraße 1;;;Hotelanlage;DE;Petra Freilinger ;;;;;ja;ja;;;1;48.3560926;13.312711
Wohlfühl Therme Bad Griesbach;94086;Bad Griesbach i. Rottal;Thermalbadstraße 4;;;Therme;DE;Petra Freilinger ;;;;;ja;ja;;;1;48.4293473;13.1858617
Landgasthof Euler e.K.;94556;Neuschönau;Kaiserstraße 10;;;Hotelanlage;DE;Petra Freilinger ;;;;;ja;ja;;;1;48.8840285;13.476152547723006
